hash,AMSAT,AMSAT_RGC,BreakID-Kissat,CaDiCaL,Cadical_ESA,IsaSAT,Kissat_MAB-DC,Kissat_MAB_Binary,Kissat_MAB_ESA,hCaD-bva,hCaD-pbva,hKis-bva,hKis-pbva,kissat-sc2024,vresult,nb_vars,nb_clauses,family,track,avg_time
00d1fe07ab948b348bb3fb423b1ef40d,10000.0,10000.0,10000.0,10000.0,10000.0,10000.0,10000.0,10000.0,10000.0,10000.0,10000.0,10000.0,10000.0,10000.0,unknown,,,miter,main_2024 | submissions_2024,10000.000
02066c116dbacc40ec5cca2067db26c0,34.6687,35.5782,6.33859,10.1343,10.4717,3094.05,9.40896,11.3579,11.2873,11.1061,18.2187,10.8601,8.52669,14.409,unsat,,,planning,anni_2022 | main_2015 | main_2023 | main_2024,291.803
0265448c232e3a25aa5bcd29b1b14567,558.421,567.96,1169.04,824.718,671.214,10000.0,1237.72,1414.81,1263.63,444.922,487.545,700.285,2228.19,275.708,unsat,,,hamiltonian,main_2024 | submissions_2024,1777.158
02e4f23ed59566d343b605dc2cc30a01,10000.0,10000.0,10000.0,10000.0,10000.0,10000.0,10000.0,10000.0,10000.0,10000.0,10000.0,10000.0,10000.0,10000.0,unknown,,,reg-n,main_2024 | submissions_2024,10000.000
02f6ca52f1ada872d82035088701b66a,699.432,681.377,10000.0,10000.0,10000.0,61.2867,971.981,1818.62,929.506,709.044,2413.75,888.747,718.54,145.143,unsat,,,software-verification,main_2024 | submissions_2022,2605.147
04ded94454830d4ea960327e8b91f5a3,76.7072,77.1093,820.359,42.8164,1074.9,10000.0,1319.23,1185.5,98.6444,185.666,625.0,111.128,231.453,627.157,sat,,,minimum-disagreement-parity,main_2024 | submissions_2022,1409.227
04e219c640ed59dc68ea2d50493de5b5,72.7297,69.584,24.7335,71.2814,66.5328,10000.0,68.6016,21.0339,122.9,10000.0,3518.15,49.7503,10000.0,143.43,sat,,,polynomial-multiplication,anni_2022 | main_2017 | main_2024,3096.516
05c8e94aaee86390eaf6e68dd3ec3570,52.6898,63.8184,264.232,1884.89,10000.0,10000.0,3561.25,10000.0,10000.0,10000.0,10000.0,726.425,10000.0,667.004,sat,,,heule-nol,main_2024 | submissions_2024,6985.415
05ed64e4e6229f446082752936768489,461.888,464.252,263.028,325.479,350.08,1947.73,562.204,553.227,550.117,353.649,270.517,262.359,1260.76,238.451,unsat,,,argumentation,main_2024 | submissions_2023,606.779
07b476c83150d3cb7e08f5d045e255ab,10000.0,10000.0,0.497382,10000.0,10000.0,10000.0,10000.0,10000.0,10000.0,10000.0,10000.0,10000.0,10000.0,10000.0,unsat,,,tseitin-formulas,anni_2022 | handmade_2003 | main_2024,10000.000
07c50b89d97a55b6e1629999a445a2ba,1429.68,1495.64,2086.75,1701.79,1936.03,10000.0,1765.02,1867.3,2255.86,1944.73,2396.21,1982.39,10000.0,1553.06,unsat,,,scheduling,anni_2022 | application_2013 | main_2024,3400.217
07e6413459f92b613498a719125b6239,82.2292,85.8816,45.84,51.1786,59.0886,275.209,80.0184,80.3664,80.5547,49.4919,54.7059,48.7437,80.8799,49.4081,unsat,,,scheduling,main_2024 | submissions_2022,82.695
0876c518e5653369e20fb1ee0bb8db40,120.687,148.879,151.767,55.2684,208.214,253.065,391.853,132.052,55.2345,66.5838,41.1682,74.4598,57.7884,87.6201,sat,,,crafted-cec,anni_2022 | main_2017 | main_2024 | main_2025,129.392
089f909e37b3ef0c4d90687f7e22b68f,229.797,232.857,114.663,0.010326,0.009418,10000.0,10000.0,10000.0,10000.0,0.095556,0.089805,10000.0,10000.0,0.006258,sat,,,cryptography-simon,main_2024 | submissions_2024,5454.565
08be288536c3178e6874a5676493923c,10000.0,10000.0,10000.0,10000.0,10000.0,10000.0,10000.0,10000.0,10000.0,10000.0,10000.0,10000.0,10000.0,10000.0,unknown,,,miter,anni_2022 | main_2017 | main_2024,10000.000
08ccc34df5d8eb9e9d45278af3dc093d,10000.0,10000.0,11.916,0.00957,0.008568,10000.0,10000.0,10000.0,10000.0,0.085206,0.086547,10000.0,10000.0,0.005776,sat,,,cryptography-simon,main_2024 | submissions_2024,5454.563
093fa3ff9f7bc9979c43f9d2310ac21d,1916.63,1695.14,3828.22,519.235,532.178,186.9,1657.55,2603.39,2741.55,950.342,649.787,2640.71,10000.0,495.115,sat,,,miter,main_2024 | submissions_2024,2088.796
096e485489025895cdc59887baafa08b,4110.13,10000.0,10000.0,10000.0,10000.0,10000.0,10000.0,10000.0,10000.0,10000.0,10000.0,10000.0,10000.0,10000.0,unsat,,,bitvector,anni_2022 | application_2016 | main_2024,10000.000
09b61bbf19748094a7d896aac314ab36,754.522,852.03,2961.97,10000.0,1645.06,10000.0,2129.42,10000.0,457.23,69.6919,10000.0,1569.32,10000.0,471.81,sat,,,hamiltonian,main_2024 | submissions_2024,5122.048
09c1b79b1cfe3522364fe60aef780703,90.1436,82.6897,232.891,2866.51,464.303,3552.28,3438.35,240.175,1162.46,533.111,78.7426,178.164,1819.94,238.411,sat,,,hamiltonian,main_2024 | submissions_2024,1324.768
09d7add3bf3b75c5d1023a92e752989a,1.05721,1.05801,0.012951,0.010491,0.010231,0.011293,0.01416,0.012992,0.013009,0.072274,0.077829,0.071447,0.070847,0.03062,unsat,,,scheduling,main_2024 | submissions_2022,0.036
0a02751cacf5e1cdfcc842a7f220199f,10000.0,10000.0,10000.0,10000.0,10000.0,10000.0,10000.0,10000.0,10000.0,10000.0,10000.0,10000.0,10000.0,0.293193,unsat,,,miter,main_2024 | submissions_2024,9090.936
0a27eb7c16c1e69ff4d087d217ac89cb,10.2941,11.6992,3501.83,10000.0,1731.54,10000.0,10000.0,10000.0,10000.0,10000.0,10000.0,1133.51,10000.0,1199.37,sat,,,heule-nol,main_2024 | submissions_2024,7642.220
0ac5ff376b826f68d384ba05a1d00de0,10000.0,10000.0,10000.0,10000.0,10000.0,10000.0,10000.0,10000.0,10000.0,10000.0,10000.0,10000.0,10000.0,10000.0,unknown,,,planning,anni_2022 | application_2016 | main_2024,10000.000
0ac6aaf6db6a0e4ec3a06e865d01086f,402.507,406.685,615.382,216.008,204.35,10000.0,373.077,435.377,511.728,205.689,188.161,649.054,1684.3,171.534,unsat,,,scheduling,main_2024 | submissions_2024,1330.843
0bad2ce307bf5b68db26fa34e252c9d4,440.412,451.516,2082.84,661.232,982.131,10000.0,814.534,1404.53,180.0,447.776,532.097,1624.54,3583.87,1432.04,sat,,,maxsat-optimum,main_2024 | submissions_2022,1969.341
0cace8a29a1d6b225a8da561d35e8f5a,346.367,356.547,1171.65,115.92,116.007,98.3985,64.7163,63.2959,63.6837,517.885,520.826,487.986,515.794,85.0677,sat,,,miter,main_2024 | submissions_2024,240.871
0cfe9c90d3a51435a5e4dba7634b882f,10000.0,10000.0,4468.45,1.15243,1.14802,1196.79,1880.05,1177.7,10000.0,12.4511,12.2415,3404.31,10000.0,0.69204,sat,,,miter,anni_2022 | main_2017 | main_2024,2516.958
0d3160b80aa406bfc718c007265b9e73,1945.43,1898.79,10000.0,832.03,1052.38,56.8664,390.153,1060.67,1163.36,565.013,1320.87,912.097,1044.99,175.216,unsat,,,software-verification,main_2024 | submissions_2022,779.422
0d3fcbb89bfb8e821058ba3ea4284de1,84.8232,84.0724,128.355,130.682,2873.43,185.788,301.698,150.302,346.875,3806.07,10000.0,64.3739,10000.0,404.403,sat,,,scheduling,main_2024 | submissions_2022,2569.420
0d81711a3d73c828e8c6e12607eda82d,0.517066,0.519701,39.9266,198.132,124.51,10000.0,10000.0,1173.35,101.061,10000.0,10000.0,47.6098,10000.0,147.001,sat,,,heule-nol,main_2024 | submissions_2024,4708.333
0e5ffe8651c6d9c3cccc3f6cb72be39a,357.96,511.977,370.476,395.219,421.11,1890.44,408.433,514.059,439.172,654.14,979.33,275.01,572.134,477.304,unsat,,,bitvector,anni_2022 | main_2017 | main_2024,638.759
0ef029cb7616d4a89eb6d1f63e89f67e,10000.0,10000.0,26.1291,10000.0,10000.0,10000.0,10000.0,10000.0,10000.0,4.6716,3.87681,5.41581,5.10503,4.91693,unsat,,,or_randxor,main_2024 | submissions_2024,5456.726
0f262afd5b117000f8b4734d175aadab,1078.64,1042.58,10000.0,1230.1,1420.39,74.7296,251.004,268.691,282.12,901.567,2077.26,2090.3,794.653,10000.0,unsat,,,software-verification,main_2024 | submissions_2022,1762.801
0fa8623240b5c14c1308f863a6dc88ab,10000.0,10000.0,10000.0,10000.0,10000.0,10000.0,10000.0,10000.0,10000.0,10000.0,10000.0,10000.0,10000.0,10000.0,unknown,,,tseitin-formulas,anni_2022 | crafted_2012 | main_2024,10000.000
0fa9521ff633b27be11525a7b0f7d8b6,9.97994,10.1337,457.262,163.558,644.005,3378.34,259.336,51.8475,107.728,142.078,783.871,116.401,10000.0,11.0645,sat,,,random-modularity,anni_2022 | main_2015 | main_2024 | parallel_2015,1423.475
1009c791cee542cdf19651fe25e6881a,12.7419,9.48072,1499.95,15.506,33.4631,42.7003,23.2177,22.7344,17.9008,19.9199,47.4088,22.6813,65.4686,13.5705,sat,,,summle,main_2024 | submissions_2022,29.506
1156429862d3c03160406d6d1a786f11,10000.0,10000.0,188.324,10000.0,10000.0,10000.0,10000.0,10000.0,10000.0,10000.0,10000.0,10000.0,10000.0,10000.0,unsat,,,relativized-pigeon-hole,main_2024 | submissions_2024,10000.000
1165e12b6addad01b491c4616306186c,10000.0,10000.0,10000.0,10000.0,10000.0,10000.0,10000.0,10000.0,10000.0,10000.0,10000.0,10000.0,10000.0,10000.0,unknown,,,bitvector,anni_2022 | main_2019 | main_2024,10000.000
11cc532ecddfb10a47e0a869b4867c1b,3314.63,3370.38,10000.0,10000.0,10000.0,10000.0,10000.0,10000.0,4611.23,10000.0,10000.0,10000.0,10000.0,10000.0,sat,,,scheduling,main_2024 | submissions_2022,9510.112
12b4a08e412a3bffb513ca65639c7c69,10000.0,10000.0,247.039,4733.21,300.93,10000.0,901.313,736.966,825.059,10000.0,10000.0,208.979,10000.0,319.773,sat,,,heule-folkman,main_2024 | submissions_2024,4366.021
13ae2628d8e113db1786dba41a65fe38,595.975,617.176,323.703,423.599,18.7927,174.806,141.824,115.275,203.713,415.421,374.737,246.24,1148.03,55.8018,sat,,,hamiltonian,main_2024 | submissions_2024,301.658
1427381a809c64c721838894ece6756d,163.263,160.384,49.4035,13.8418,13.6092,8.26336,10.4318,10.2079,10.5078,292.284,366.015,291.364,310.798,49.3385,sat,,,hardware-verification,anni_2022 | industrial_2004 | main_2024,125.151
14e4cfcf0d83b2185fad41684d00d4dc,1712.11,1758.17,3274.04,2943.06,3496.91,10000.0,3702.31,2828.14,1883.81,16.3352,1627.8,1553.97,2386.3,419.15,sat,,,hamiltonian,main_2024 | submissions_2024,2805.253
14ea5857d75ae2b235a3ba97373ea732,2788.3,2611.28,2528.83,2447.52,2399.15,10000.0,2223.97,2622.79,2483.83,2239.29,3324.63,2458.88,4058.4,2125.59,unsat,,,maxsat-optimum,main_2024 | submissions_2022,3307.641
1507d9812624b3e0eaf15e40100be020,868.236,881.449,345.982,4610.81,4555.99,10000.0,1203.72,2336.76,2858.83,10000.0,10000.0,4982.85,1599.69,29.4016,sat,,,hamiltonian,main_2024 | submissions_2024,4743.459
1545660e72158c7e90da5ad4c877a124,10000.0,10000.0,10000.0,10000.0,10000.0,10000.0,10000.0,10000.0,10000.0,10000.0,10000.0,10000.0,10000.0,0.456558,unsat,,,miter,main_2024 | submissions_2024,9090.951
1548977b4e27032fe07cda357782cd6a,1774.71,1774.72,3922.74,2782.6,2940.54,10000.0,10000.0,4653.91,4478.02,3260.16,4960.88,3500.01,3733.26,2692.46,unsat,,,minimum-disagreement-parity,main_2024 | submissions_2022,4818.349
16c27d738cb45b766b8823ca4f428cf0,1077.85,1096.02,1473.74,116.362,1267.31,10000.0,692.652,859.038,813.459,1912.11,720.864,1198.21,1734.38,168.249,sat,,,rbsat,anni_2022 | crafted_2012 | main_2024 | portfolio_2012,1771.149
16c5482d8e658b54e20d59cfd4b1d588,2052.56,2373.84,4009.49,10000.0,10000.0,10000.0,1830.03,10000.0,10000.0,10000.0,10000.0,10000.0,10000.0,10000.0,sat,,,binary-tree-parity,main_2024 | submissions_2024,9257.275
16ca57f2cdffd5b0260fc771017e1f04,10000.0,10000.0,10000.0,10000.0,10000.0,10000.0,10000.0,10000.0,10000.0,10000.0,10000.0,10000.0,10000.0,10000.0,unknown,,,minimum-disagreement-parity,main_2024 | submissions_2022,10000.000
170a7d847694ee4cfa5c421757672882,1260.78,1625.12,1421.74,1076.22,1274.58,10000.0,972.839,971.103,1030.98,1052.61,1263.37,1532.85,2398.44,975.464,unsat,,,maxsat-optimum,main_2024 | submissions_2022,2049.860
170b13af977e962321c493544b2bd0a9,21.7481,22.3521,10.3644,31.6332,33.4439,10000.0,35.7704,38.7364,39.8014,45.0314,54.4978,31.654,24.2473,22.4634,sat,,,random-circuits,main_2024 | submissions_2024,941.571
18c0eb461bda29214bd43b84199a3b61,10000.0,10000.0,195.376,10000.0,10000.0,10000.0,10000.0,10000.0,10000.0,10000.0,10000.0,10000.0,10000.0,10000.0,unsat,,,coloring,main_2024 | submissions_2024,10000.000
195852083a05edee1902233698eec14a,275.603,280.1,945.994,611.147,15.4902,1503.73,66.1379,1097.71,349.799,1560.21,393.202,176.825,4633.95,84.35,sat,,,hamiltonian,main_2024 | submissions_2024,953.868
19e2c3a0865c8c1b4543d11213bebe5f,174.835,187.927,79.0504,81.4473,76.1686,2167.99,109.022,117.617,153.736,38.3857,54.2632,49.72,121.163,39.8381,unsat,,,hamiltonian,main_2024 | submissions_2024,273.577
1a1c9d1dc1ae7fcff92e3c3499864b75,767.033,775.579,583.974,599.282,621.513,3739.57,434.878,494.042,472.572,662.165,801.636,877.807,1173.57,504.521,unsat,,,maxsat-optimum,main_2024 | submissions_2022,943.778
1a20d903db74ab566efc68a35e6b0ec5,10000.0,10000.0,10000.0,10000.0,10000.0,10000.0,10000.0,10000.0,10000.0,10000.0,10000.0,10000.0,10000.0,0.457268,unsat,,,miter,main_2024 | submissions_2024,9090.951
1afa2d7a3d817c3149da432eece66da8,18.3477,29.147,102.445,56.3708,37.3258,39.6724,8.7243,9.92014,14.4889,261.663,697.114,247.635,216.827,29.8329,sat,,,scheduling,main_2024 | submissions_2022,147.234
1b0f4ff7984b8d4cf2873200fb1680fb,2352.64,2755.49,3053.75,2256.82,2443.78,10000.0,1823.46,2128.18,1982.53,2340.11,2675.94,3155.18,10000.0,2162.7,unsat,,,maxsat-optimum,main_2024 | submissions_2022,3724.427
1b3c7ac17705be94daaddb5f5ae4816b,10000.0,10000.0,10000.0,10000.0,10000.0,10000.0,2276.21,2222.93,1923.07,2944.19,3134.18,4551.63,2894.08,3193.31,unsat,,,rooks,anni_2022 | crafted_2014 | main_2024 | main_2025,4830.873
1e0da402100982e53001a64281149dd9,1242.59,1235.11,10000.0,1261.84,1298.38,57.4575,918.605,1004.94,1169.51,875.156,1117.82,1003.65,873.528,120.646,unsat,,,software-verification,main_2024 | submissions_2022,881.958
1e3c3e8d349759b8b482a6f2721762c4,10000.0,10000.0,10000.0,10000.0,10000.0,10000.0,10000.0,10000.0,10000.0,10000.0,111.842,10000.0,10000.0,10000.0,sat,,,cryptography,anni_2022 | main_2018 | main_2024,9101.077
1e74212168124b696531fed471b480b1,10000.0,10000.0,10000.0,10000.0,10000.0,10000.0,10000.0,10000.0,10000.0,10000.0,10000.0,10000.0,10000.0,10000.0,unknown,,,minimum-disagreement-parity,main_2024 | submissions_2022,10000.000
1ea68d0008f01c50a1e4fec77dd0775e,10000.0,10000.0,10000.0,10000.0,10000.0,10000.0,556.447,2996.22,1620.38,10000.0,10000.0,10000.0,1664.24,8.84216,unsat,,,reg-n,main_2024 | submissions_2024,6076.921
1f44da3598ccf8bcbe9a90fb1b2f1ebd,10000.0,10000.0,10000.0,10000.0,10000.0,10000.0,729.042,934.068,1758.76,929.691,10000.0,2778.92,1000.12,2.66987,unsat,,,reg-n,main_2024 | submissions_2024,4375.752
207b28c3cefc55b143259222cbfd4962,10000.0,10000.0,10000.0,10000.0,10000.0,10000.0,10000.0,10000.0,10000.0,10000.0,10000.0,10000.0,10000.0,10000.0,unknown,,,scheduling,main_2024 | submissions_2024,10000.000
210fe1c0ffefde5bcd03d59b1efa6984,1522.64,1622.96,2836.77,1121.46,1112.29,203.591,111.879,109.763,110.518,568.404,571.721,3404.44,10000.0,313.155,sat,,,miter,main_2024 | submissions_2024,1602.475
2115182958f6cfb5a172a24f989b86dd,1154.98,762.145,1115.48,1321.45,1169.73,10000.0,657.231,609.782,659.544,786.023,1181.25,984.654,541.823,1858.39,unsat,,,rooks,anni_2022 | crafted_2014 | main_2020 | main_2024,1797.262
22b4cf412c811872d6ba5078106aeb6c,73.4184,73.8123,164.633,182.228,41.4696,634.792,7.31138,63.1188,122.756,8.28592,3.17721,20.8527,214.327,125.861,sat,,,scheduling,main_2024 | submissions_2022,129.471
23daec2c71ce3c1e346e6042f3dc42eb,10000.0,10000.0,10000.0,10000.0,10000.0,10000.0,10000.0,10000.0,10000.0,10000.0,10000.0,10000.0,10000.0,10000.0,unknown,,,minimum-disagreement-parity,main_2024 | submissions_2022,10000.000
24bdfb34654b1aa703fae31ea91e7c7f,10000.0,10000.0,0.233041,10000.0,10000.0,10000.0,10000.0,10000.0,10000.0,10000.0,10000.0,10000.0,10000.0,10000.0,unsat,,,tseitin-formulas,main_2024 | submissions_2024,10000.000
25447f441df2f134223d3e43319c99ad,2280.42,3026.11,10000.0,4026.51,3877.97,10000.0,10000.0,10000.0,10000.0,4221.55,10000.0,4715.82,10000.0,3802.26,unsat,,,miter,main_2024 | submissions_2024,7331.283
25cc054738293c0d9377d7b72b78a341,4292.69,3848.82,10000.0,1412.36,2397.66,10000.0,1748.7,2196.93,2202.2,1625.41,2184.03,2813.04,2304.07,10000.0,unsat,,,software-verification,anni_2022 | main_2021 | main_2024,3534.945
26254890fa7107f85242ec9190da2a7a,2524.9,2547.97,672.862,10000.0,10000.0,10000.0,204.508,1792.26,403.639,10000.0,10000.0,335.461,10000.0,235.813,sat,,,cryptography,anni_2022 | application_2013 | main_2024,5724.698
26b648475cfd06695a17ac95f4469744,923.78,994.82,1764.26,307.77,319.167,93.0993,1801.99,1350.71,1350.22,606.019,468.547,483.679,4225.8,315.416,sat,,,miter,main_2024 | submissions_2024,1029.311
278aa933fdef642f33fb02a2b18717c1,1820.17,1807.01,2089.4,1017.11,1394.82,10000.0,1147.49,1111.52,1510.72,1081.01,1455.31,1933.85,1837.96,928.299,unsat,,,miter,main_2024 | submissions_2024,2128.917
282a02a1743eb47c6b340e52ecce40a2,220.315,209.448,588.086,71.8636,68.3282,60.2131,39.8337,37.8345,37.4097,375.139,376.451,355.405,361.86,51.112,sat,,,miter,main_2024 | submissions_2024,166.859
29ab150158d641568f888e8401d2ac13,327.941,334.178,10000.0,643.959,791.664,10000.0,759.933,730.172,1379.38,919.876,973.005,901.159,4102.66,715.998,unsat,,,hardware-model-checking,main_2024 | submissions_2022,1992.528
29d86d9a3b85c349e10ad68d7a713da2,10000.0,10000.0,10000.0,10000.0,10000.0,10000.0,10000.0,10000.0,10000.0,10000.0,10000.0,10000.0,10000.0,10000.0,unknown,,,independent-set,main_2024 | submissions_2024,10000.000
29e61b1317804fb897e84237613d42bb,10000.0,10000.0,10000.0,10000.0,10000.0,10000.0,10000.0,10000.0,10000.0,10000.0,10000.0,10000.0,10000.0,10000.0,unknown,,,scheduling,main_2024 | submissions_2022,10000.000
2a15a30186afdad41a49c5c5366d01be,87.1717,145.026,39.1648,56.4291,51.7149,570.216,283.868,171.812,224.269,72.0502,239.751,115.404,10000.0,44.8449,sat,,,scheduling,anni_2022 | main_2020 | main_2024,1075.487
2a53e9c6a25a50d753a94ead66065826,94.6555,88.5737,72.9517,62.3055,62.2293,228.929,115.157,112.483,112.444,57.447,67.8496,75.0379,149.219,63.76,unsat,,,popularity-similarity,anni_2022 | main_2017 | main_2024,100.624
2b032f8a8976a302ad125eb50a3e8445,350.829,346.299,179.124,639.557,259.965,281.259,1224.75,767.059,1284.2,953.475,835.413,197.447,460.882,857.112,sat,,,independent-set,main_2024 | submissions_2024,705.556
2b043efb4bde6d83f7c95a8e8e2d7bf8,157.927,158.253,2219.94,0.011656,0.0106,10000.0,440.352,10000.0,1754.48,0.095255,0.096073,10000.0,10000.0,0.007001,sat,,,cryptography-simon,main_2024 | submissions_2024,3835.914
2b60f9be1439f63b7f174c6b8ca7fedf,10000.0,10000.0,10000.0,10000.0,10000.0,10000.0,10000.0,10000.0,10000.0,10000.0,10000.0,10000.0,10000.0,10000.0,unknown,,,sgen,anni_2022 | crafted_2009 | main_2024,10000.000
2b8a711debc3a6edd01e7b4e305342d9,10000.0,10000.0,10000.0,10000.0,10000.0,10000.0,10000.0,10000.0,10000.0,10000.0,10000.0,10000.0,10000.0,10000.0,unknown,,,reg-n,main_2024 | submissions_2024,10000.000
2c3c28f6d939d157e909c57a265fc908,10000.0,10000.0,10000.0,4405.94,10000.0,10000.0,2443.76,2883.65,10000.0,10000.0,4187.04,4628.1,3464.61,10000.0,unsat,,,mutilated-chessboard,anni_2022 | main_2018 | main_2024,6546.645
2d6d26e1c5b4f2763c03697a6d00d3cf,10000.0,10000.0,4957.71,10000.0,4524.46,10000.0,1750.12,2091.1,10000.0,10000.0,10000.0,10000.0,2553.65,1865.05,unsat,,,subset-cardinality,anni_2022 | crafted_2016 | main_2024,6616.762
2dd4b14a8a820e7baa073554ae2c6cb0,10000.0,10000.0,222.438,10000.0,10000.0,10000.0,10000.0,10000.0,10000.0,10000.0,10000.0,10000.0,10000.0,10000.0,unsat,,,relativized-pigeon-hole,main_2024 | submissions_2024,10000.000
2eb039a5aa6bfb6e41d3afd41071ca55,540.479,695.192,240.016,325.958,301.452,1175.92,560.488,578.34,579.433,319.273,288.486,332.617,1386.66,376.759,unsat,,,argumentation,main_2024 | submissions_2023,565.944
2fcd8533eba981967292f1b6e41f7433,10000.0,10000.0,17.7967,0.011878,0.010129,10000.0,570.345,3235.34,10000.0,0.092827,0.09402,10000.0,10000.0,0.00705,sat,,,cryptography-simon,main_2024 | submissions_2024,3982.355
303480ca7e8322d771c94caf4ebd4e95,7.79144,8.82091,11.0388,23.9227,25.1332,10000.0,12.9027,19.2334,19.2705,15.1051,18.8609,18.8941,15.7979,7.1021,sat,,,random-circuits,main_2024 | submissions_2024,925.111
305ad7d773d6c72be9b1efbf7bf482e0,558.352,615.598,628.327,724.844,714.249,1365.55,2967.1,1213.78,1357.86,756.14,697.834,574.175,790.816,620.504,unsat,,,cryptography-ascon,main_2024 | submissions_2023,1071.168
30f0db845937bbda3ffde60e5ed4cb3f,10000.0,10000.0,1586.47,10000.0,10000.0,10000.0,4427.31,2605.03,2030.91,10000.0,10000.0,10000.0,10000.0,271.844,sat,,,heule-folkman,main_2024 | submissions_2024,7212.281
3129198788f182ce6955b18aa3c7e61e,10000.0,10000.0,139.887,0.012834,0.011867,10000.0,1367.21,196.282,546.669,0.101526,0.101905,10000.0,10000.0,0.007936,sat,,,cryptography-simon,main_2024 | submissions_2024,2919.127
3184e52e950ac39095a801c418f68d50,1191.97,1348.8,2079.82,1693.43,1749.91,10000.0,2421.51,2879.46,2238.35,1493.74,1519.87,2216.2,4436.54,1194.77,unsat,,,minimum-disagreement-parity,main_2024 | submissions_2022,2894.889
31bb67fe67e57dbeb8c4819b01892588,10000.0,10000.0,10000.0,10000.0,10000.0,10000.0,10000.0,10000.0,10000.0,10000.0,10000.0,10000.0,10000.0,9.14583,unsat,,,miter,main_2024 | submissions_2024,9091.741
31e788a12ddc8b43ec20e77d53abaa23,3992.56,4003.57,10000.0,10000.0,10000.0,10000.0,10000.0,10000.0,10000.0,10000.0,10000.0,2293.15,10000.0,10000.0,sat,,,scheduling,main_2024 | submissions_2024,9299.377
32585e66749f42e161e94fc49fd64750,139.372,139.6,1273.95,746.375,671.183,992.201,216.68,293.537,274.107,548.612,482.467,1094.18,2211.36,235.36,unsat,,,scheduling,main_2024 | submissions_2024,706.006
334aa882de28856fc8c75885285d2a3c,10000.0,10000.0,1843.32,1693.41,1025.79,10000.0,2418.04,2677.12,1657.37,1372.86,1088.93,2129.78,1656.17,2189.61,sat,,,hamiltonian-cycle,anni_2022 | main_2021 | main_2024 | main_2025,2537.189
34fa0922e66aee3b6f6ffe1760f459d4,576.832,545.273,487.745,123.518,148.284,1561.55,145.547,146.394,221.747,142.58,202.505,286.485,337.919,603.884,unsat,,,hardware-verification,anni_2022 | application_2012 | main_2024,356.401
35789168b67a74985804902008251269,10000.0,10000.0,10000.0,10000.0,10000.0,10000.0,10000.0,10000.0,10000.0,10000.0,10000.0,10000.0,10000.0,10000.0,unknown,,,tseitin-formulas,anni_2022 | crafted_2016 | main_2024,10000.000
3593875d75d6e836a3ac328c5426c1b5,10000.0,10000.0,10000.0,10000.0,10000.0,10000.0,10000.0,10000.0,10000.0,10000.0,10000.0,10000.0,10000.0,10000.0,unknown,,,scheduling,main_2024 | submissions_2022,10000.000
36dbc206c7d9773bebb03f752070cee9,10000.0,10000.0,332.914,10000.0,10000.0,10000.0,10000.0,10000.0,10000.0,10000.0,10000.0,10000.0,10000.0,10000.0,unsat,,,tseitin-formulas,main_2024 | submissions_2024,10000.000
37a11ae189df2834a3f294736f34608f,2758.13,2750.41,2568.45,1846.14,2651.6,10000.0,3804.69,3900.89,4402.53,1742.31,2927.74,1921.91,10000.0,2155.53,unsat,,,minimum-disagreement-parity,main_2024 | submissions_2022,4123.031
37ca184832fc6fa43a22ae900f1756a2,474.084,495.53,261.384,837.88,865.734,10000.0,558.537,591.083,380.594,378.928,466.037,544.694,310.357,94.4718,sat,,,random-circuits,main_2024 | submissions_2024,1366.211
385042a6042a0df5ddfec6e17f285ae7,1394.95,1589.6,2582.3,1491.17,1521.6,10000.0,2469.4,2999.75,2556.54,1857.22,2110.28,2945.15,3621.94,903.754,unsat,,,miter,main_2024 | submissions_2024,2952.437
39277cab188349aee0f229cb7341b5c5,402.486,410.063,470.94,254.621,208.34,10000.0,342.499,494.661,422.585,443.512,447.292,481.708,697.265,347.736,unsat,,,graph-isomorphism,anni_2022 | crafted_2014 | main_2024,1285.474
396fd56f3fd7b85afbba4254ea6e746c,2345.24,2437.86,1155.81,1614.77,365.107,10000.0,1033.37,1074.95,1475.51,476.894,2532.61,339.079,363.626,190.086,sat,,,random-circuits,main_2024 | submissions_2024,1769.637
3988a60c6e93167763c6fd2a347d5859,1.00992,1.002,0.207915,0.870005,1.03654,0.616002,0.298084,0.29522,0.294744,1.00301,0.753677,0.335601,0.55357,0.13306,sat,,,scheduling,main_2024 | submissions_2022,0.563
39fba35826ce8c87cd8e8de1969b2dd2,10000.0,10000.0,10000.0,10000.0,10000.0,10000.0,10000.0,10000.0,10000.0,10000.0,10000.0,10000.0,10000.0,10000.0,unknown,,,subgraph-isomorphism,anni_2022 | handmade_2003 | main_2024,10000.000
3a75ad246dbc750a7391ad887c5b0835,115.919,118.17,285.31,233.301,235.349,2834.77,98.1396,1.75274,332.644,273.11,92.7805,91.8259,881.39,55.3941,sat,,,hamiltonian,main_2024 | submissions_2024,466.405
3b59c5d9b6729f39c8483446701f4ed0,998.726,829.544,1896.56,847.66,1351.73,1923.11,1106.67,1140.89,965.982,1320.43,1212.72,981.853,1768.69,877.786,unsat,,,cril-misc,anni_2022 | main_2017 | main_2024,1227.047
3bf8ba6bb4e4ea9ad08b1b058661ba2e,16.1732,5.44231,1575.95,20.6738,13.334,107.761,31.6072,26.0897,13.228,13.2591,15.0826,11.5301,46.8281,12.3342,sat,,,summle,main_2024 | submissions_2022,28.339
3c6e1d1c4b8d3d08aa4c1df3805f4f7d,920.852,943.555,1588.6,2435.63,2472.3,10000.0,2684.87,2338.93,3025.95,663.997,629.66,875.792,3233.38,344.217,unsat,,,hamiltonian,main_2024 | submissions_2024,2609.521
3ed56242f55e3653dbceeb4a70221787,546.821,696.813,19.0458,425.911,206.761,30.6089,671.933,369.456,437.814,318.076,139.26,150.785,100.437,37.4797,sat,,,rbsat,anni_2022 | main_2019 | main_2024,262.593
4073757aae06fc2b50c043f088b132b4,10000.0,10000.0,76.3127,0.011367,0.009873,10000.0,1154.05,10000.0,413.233,0.091709,0.092176,10000.0,10000.0,0.006527,sat,,,cryptography-simon,main_2024 | submissions_2024,3778.863
40737c2f46512069d54b0d2bb3b47a20,654.547,654.111,463.434,590.788,511.028,1297.04,668.07,686.288,686.038,489.36,416.724,536.655,1271.83,484.999,unsat,,,argumentation,main_2024 | submissions_2023,694.438
4106867bc76b8794330a205cf8a303ad,10000.0,4437.93,10000.0,3703.55,3450.56,4194.26,3338.45,2861.3,3200.26,3159.57,3280.38,10000.0,10000.0,4050.06,unsat,,,bitvector,anni_2022 | main_2021 | main_2024,4658.035
41f4cb4992a481c9d43e2e1a4e2349ac,1.28183,1.27329,1069.3,158.066,10000.0,751.105,10000.0,652.118,3182.32,10000.0,10000.0,1296.44,10000.0,3237.9,sat,,,sgen,anni_2022 | crafted_2009 | crafted_2012 | main_2024,5388.904
4214f45042f8c504f9837afaec88bf8f,2928.78,2986.28,10000.0,3886.89,4407.13,10000.0,10000.0,10000.0,10000.0,4097.42,3840.03,3961.4,10000.0,4149.39,unsat,,,argumentation,main_2024 | submissions_2023,6758.387
425c81fc3af7f5124b6282583d80df11,10000.0,10000.0,10000.0,10000.0,10000.0,10000.0,10000.0,10000.0,10000.0,10000.0,10000.0,10000.0,10000.0,10000.0,unknown,,,minimum-disagreement-parity,main_2024 | submissions_2022,10000.000
43e492bccfd57029b758897b17d7f04f,49.5906,79.4567,50.5082,13.1334,32.0084,20.7736,28.1403,7.62794,9.6335,140.451,107.895,3.74486,551.195,106.322,sat,,,scheduling,anni_2022 | application_2013 | main_2024,92.811
44c25de7963c45e92a2407ad839f6e8b,1159.46,1180.52,2115.0,10000.0,10000.0,10000.0,2369.86,10000.0,10000.0,10000.0,10000.0,10000.0,10000.0,10000.0,sat,,,scheduling,main_2024 | submissions_2022,9306.351
44fd38bd0c5fc7336be468161dee4eda,1687.65,1703.95,713.874,500.58,468.819,3749.45,444.255,571.592,542.065,10000.0,10000.0,10000.0,10000.0,622.676,unsat,,,cryptography-cbmc,anni_2022 | application_2009 | application_2012 | main_2024,4263.585
4517202fdd0ccc8a97d83684b021ea96,10000.0,10000.0,10000.0,10000.0,10000.0,10000.0,10000.0,10000.0,10000.0,10000.0,10000.0,10000.0,10000.0,10000.0,unknown,,,waerden,anni_2022 | crafted_2011 | crafted_2013 | main_2024,10000.000
45a09efb026036ff4b8d19024a7563a9,10000.0,10000.0,10000.0,10000.0,10000.0,10000.0,10000.0,10000.0,10000.0,10000.0,10000.0,10000.0,10000.0,10000.0,unknown,,,fermat,anni_2022 | main_2020 | main_2024,10000.000
461df1a7056560279d532bc2743022b6,10000.0,10000.0,791.604,10000.0,10000.0,10000.0,4465.75,1951.42,2725.52,10000.0,10000.0,1000.87,10000.0,584.022,sat,,,heule-folkman,main_2024 | submissions_2024,6429.780
462d72f9b78ab1cd080667ff12a114ac,10000.0,10000.0,10000.0,10000.0,10000.0,10000.0,10000.0,10000.0,10000.0,10000.0,10000.0,10000.0,10000.0,10000.0,unknown,,,miter,main_2024 | submissions_2024,10000.000
46d75199933980fdb856f13e5b1817dd,4530.43,4617.49,2076.76,2630.43,2845.69,10000.0,2683.13,2974.47,2493.34,1909.56,2071.25,1542.79,1646.05,1208.95,unsat,,,independent-set,main_2024 | submissions_2024,2909.605
475803537529d9d14a034957f48a6d38,182.223,188.746,105.37,88.3521,103.733,2477.32,138.64,120.304,154.389,65.0028,60.6839,56.0254,133.839,41.8984,unsat,,,hamiltonian,main_2024 | submissions_2024,312.744
479b1413f8bd1d6fc0723856ffca9792,4502.68,4629.46,765.888,666.67,601.657,2045.53,692.624,736.273,740.382,815.623,729.532,917.636,1056.93,540.061,unsat,,,quantum-kochen-specker,main_2024 | submissions_2024,867.538
47e1ada0070708c2953d322c06aea00d,100.175,101.061,416.1,1836.5,10000.0,10000.0,4162.0,10000.0,10000.0,10000.0,10000.0,397.45,10000.0,231.711,sat,,,heule-nol,main_2024 | submissions_2024,6966.151
4a8285a53f30b35016b0c85ea17ba155,513.296,386.436,139.151,164.398,240.597,626.623,298.189,403.271,451.906,166.699,252.202,135.172,133.703,229.349,unsat,,,independent-set,main_2024 | submissions_2024,282.010
4be4ae25aae88528bc10f8369bba86df,665.996,673.273,513.248,590.178,638.611,1796.31,712.202,767.497,767.28,563.411,591.043,519.883,1267.13,490.169,unsat,,,argumentation,main_2024 | submissions_2023,791.247
4c54efa61599e33d514bf718ff23ad09,10000.0,10000.0,10000.0,10000.0,10000.0,10000.0,10000.0,10000.0,10000.0,10000.0,10000.0,10000.0,10000.0,10000.0,unknown,,,miter,main_2024 | submissions_2024,10000.000
4d7f6efbae05b66ffbbd509a430d57f8,961.136,913.605,677.728,1052.57,1005.82,10000.0,1710.84,1843.95,1951.38,951.563,859.352,784.476,4900.0,718.4,unsat,,,argumentation,main_2024 | submissions_2023,2343.486
4e366e723d75fe39bf6db9a24ffb059b,10000.0,10000.0,10000.0,10000.0,10000.0,10000.0,10000.0,10000.0,10000.0,10000.0,10000.0,10000.0,10000.0,10000.0,unknown,,,clique-width,anni_2022 | crafted_2013 | main_2024,10000.000
4f2d6659b5c9bf594ea12e3e1a85799f,10000.0,10000.0,10000.0,10000.0,10000.0,10000.0,10000.0,10000.0,10000.0,10000.0,10000.0,10000.0,10000.0,10000.0,unknown,,,minimum-disagreement-parity,main_2024 | submissions_2022,10000.000
50019e4419d48196bb4b95933a8b5030,0.479403,0.476884,29.4457,49.2449,370.213,2374.0,2557.32,1485.55,1002.19,10000.0,10000.0,22.5832,10000.0,83.246,sat,,,heule-nol,main_2024 | submissions_2024,3449.486
511a2d81661a185c2115daec42270dec,10000.0,4754.54,782.613,803.025,779.958,10000.0,4287.48,722.618,1082.4,1019.8,1091.41,925.286,605.513,222.072,sat,,,random-circuits,main_2024 | submissions_2024,1958.142
52aaf653a79ca14fa1127cda32aa94ce,0.402236,0.395424,103.5,370.65,340.462,10000.0,945.001,188.903,10000.0,10000.0,10000.0,119.513,10000.0,118.48,sat,,,heule-nol,main_2024 | submissions_2024,4734.819
5411047bc24f4321f0e490e01e4a0910,212.63,225.152,271.848,371.979,420.94,1296.59,331.324,247.248,196.76,312.841,271.708,172.906,275.837,217.89,unsat,,,risc-instruction-removal-golcrest,main_2024 | submissions_2023,374.184
5432e4dd44480fadbd66647db1750c80,2253.81,2084.81,10000.0,10000.0,10000.0,10000.0,10000.0,10000.0,10000.0,10000.0,10000.0,10000.0,10000.0,10000.0,sat,,,scheduling,main_2024 | submissions_2024,10000.000
543e67dd5abc272c37775b1b742a1d9a,142.493,141.439,96.6482,168.248,176.311,199.603,52.6237,64.6322,279.305,1730.59,150.14,211.549,10000.0,87.166,sat,,,quasigroup-completion,anni_2022 | handmade_2003 | main_2024,1192.743
54c2da6d387a6f5ad6e014ae4d4decfc,626.668,619.09,649.391,418.864,67.8665,10000.0,69.6507,50.5582,256.693,97.4581,360.583,160.694,658.058,212.996,sat,,,hamiltonian,main_2024 | submissions_2024,1123.038
55199d55fa9c3751a525d6c0a0e649bd,699.062,693.541,690.425,608.584,746.59,4457.99,1168.59,1329.74,1186.52,624.65,552.749,641.278,2345.35,487.764,unsat,,,argumentation,main_2024 | submissions_2023,1286.346
556cf803f9de4b2ec688825b5ff7e325,10000.0,10000.0,42.1292,10000.0,10000.0,10000.0,10000.0,10000.0,10000.0,10000.0,10000.0,10000.0,10000.0,10000.0,unsat,,,tseitin-formulas,main_2024 | submissions_2024,10000.000
5690b9b0380aa9508699e56cae5918b5,0.622804,0.615573,935.122,20.7205,10000.0,10000.0,1568.91,139.319,2146.5,10000.0,10000.0,1327.72,10000.0,1479.22,sat,,,hgen,anni_2022 | main_2020 | main_2024,5152.945
573cc82ec61e01fd6e6308493ee56289,2124.03,1855.06,10000.0,4361.06,1435.31,84.8975,1250.42,1301.82,1299.77,1405.04,10000.0,880.779,2149.72,10000.0,unsat,,,software-verification,main_2024 | submissions_2022,3106.256
576ebc1333f2c466c2dec98792721e1f,5.52057,18.9656,250.921,925.905,161.996,1584.57,105.598,219.419,71.1811,1062.12,10000.0,96.8793,10000.0,434.953,sat,,,scheduling,main_2024 | submissions_2022,2242.056
57f4ea7ab160d996e38e69fac59869c4,220.53,229.488,147.906,113.34,117.509,10000.0,168.969,217.68,189.315,76.0402,64.4064,52.0717,191.287,37.2596,unsat,,,hamiltonian,main_2024 | submissions_2024,1020.716
5865fb9a6575d2ae6542c36ab96646a9,1476.0,1364.34,280.323,2549.82,667.757,10000.0,10000.0,1082.17,273.795,524.024,1340.57,345.689,2621.58,337.445,sat,,,hamiltonian,main_2024 | submissions_2024,2703.895
5952b9f18b73dabb531c60e3ac85d26f,1099.14,1086.01,901.893,840.799,833.018,2976.31,814.947,855.303,891.457,700.584,946.129,949.804,1944.01,727.245,unsat,,,scheduling,anni_2022 | application_2013 | main_2021 | main_2024,1134.510
59825ed96dc3bbdbd8789a4870b323ec,373.966,377.246,10000.0,614.496,1763.24,10000.0,10000.0,10000.0,438.498,10000.0,1595.47,10000.0,10000.0,4538.65,sat,,,knights-problem,anni_2022 | main_2019 | main_2024 | main_2025,6268.214
5a068ba62fe30e435a76e2ec80896ef4,10000.0,10000.0,10000.0,10000.0,10000.0,10000.0,10000.0,10000.0,10000.0,10000.0,10000.0,10000.0,10000.0,10000.0,unknown,,,scheduling,main_2024 | submissions_2022,10000.000
5ab3040d8617bf9f4d4cef4e56dcfd03,10000.0,10000.0,2031.08,2361.78,2115.18,10000.0,1627.69,1743.07,1543.07,2101.78,2976.01,2059.26,3275.44,1244.34,unsat,,,miter,anni_2022 | main_2017 | main_2024,2822.511
5b0f16de2c5419b80b608db37d07d994,1873.06,1937.55,2123.49,1434.46,1163.67,10000.0,1227.1,1334.24,1519.0,1185.86,1304.96,2081.3,2252.2,830.923,unsat,,,miter,main_2024 | submissions_2024,2212.156
5b5dfab02ce5c12a50be3bc7d7cc42c7,10000.0,10000.0,10000.0,10000.0,10000.0,10000.0,10000.0,10000.0,10000.0,1112.23,3380.51,10000.0,10000.0,10000.0,sat,,,scheduling,main_2024 | submissions_2024,8590.249
5cb1ca8fe8a9d9125ea9accd498445f1,558.221,565.61,337.832,464.458,424.166,4707.89,900.809,958.557,959.356,443.289,405.169,405.15,1659.59,411.841,unsat,,,argumentation,main_2024 | submissions_2023,1067.298
5e1c11b77cdf3717b81b957120f0f477,1890.75,1943.62,750.46,3135.24,600.718,1023.79,10000.0,622.552,2869.34,684.416,506.556,402.202,10000.0,247.12,sat,,,hamiltonian,main_2024 | submissions_2024,2735.630
5e5fe73a2e0ffc8e19873298566919fb,3896.2,4119.1,272.306,302.856,1247.32,10000.0,877.781,1319.23,1320.72,2940.79,2256.78,696.563,172.449,10000.0,sat,,,rbsat,anni_2022 | crafted_2012 | main_2024 | portfolio_2012,2830.408
5ea72bcdccc86bd1a924029f7b81aec5,178.66,254.111,129.359,96.5066,185.284,776.45,49.7064,156.42,162.116,122.702,298.618,97.0003,191.951,197.57,sat,,,scheduling,anni_2022 | application_2014 | main_2015 | main_2024,212.211
5ee7de2bd112aa39485e79c9d487bf8f,10000.0,10000.0,19.1231,0.012525,0.011452,10000.0,312.203,330.179,1450.88,0.098881,0.098935,10000.0,10000.0,0.00765,sat,,,cryptography-simon,main_2024 | submissions_2024,2917.590
6008b958ff6877f32c26b72728df4523,2014.65,2129.46,10000.0,2038.39,805.646,73.6026,2102.31,2127.84,1200.95,1430.07,4477.96,1773.02,1068.82,10000.0,unsat,,,software-verification,main_2024 | submissions_2022,2463.510
6077d4e5f755124ddc84068d6ccb630f,1423.72,1588.7,10000.0,1390.32,1852.89,4228.23,3381.4,2734.39,2685.05,2029.71,1815.55,10000.0,10000.0,10000.0,unsat,,,polynomial-multiplication,anni_2022 | main_2018 | main_2024,4556.140
61069e0e3339af80000b774a041b7d96,1002.67,1215.96,626.732,447.295,480.287,1753.32,477.356,484.526,480.56,645.948,633.616,629.203,717.412,437.285,unsat,,,quantum-kochen-specker,main_2024 | submissions_2024,653.346
62dcbf79f5ecef5618c9d9a00311326c,732.978,806.472,1939.08,676.73,572.664,10000.0,993.776,1275.36,941.93,669.778,732.982,2258.52,3282.75,712.803,unsat,,,scheduling,main_2024 | submissions_2024,2010.663
634a271f5fe339007a186539d615e92f,468.106,563.799,504.86,1829.48,10000.0,10000.0,10000.0,10000.0,10000.0,10000.0,10000.0,10000.0,10000.0,743.175,sat,,,heule-nol,main_2024 | submissions_2024,8415.696
63732c330adb8de8dd47ce1693b86d0e,2372.2,2352.32,10000.0,1803.96,1721.21,10000.0,1654.48,1675.38,2210.56,1846.96,2184.55,981.89,2487.92,3114.12,unsat,,,equivalence-chain-principle,main_2024 | submissions_2024,2698.275
6543793076c30fc7cdfa5a3c819cedc7,4449.12,4776.22,10000.0,1789.67,1504.55,10000.0,2046.94,2464.31,2316.96,1289.22,10000.0,4277.52,10000.0,2124.25,unsat,,,risc-instruction-removal-subrv,main_2024 | submissions_2023,4346.675
65c5a5d228ec5e52d1a72f918086f584,354.227,352.672,1179.6,464.519,473.926,37.7364,29.365,30.1432,29.2925,281.656,284.419,533.098,514.427,92.3141,sat,,,miter,main_2024 | submissions_2024,251.900
67b4844c4bfbaf961cbbd79b953aa5c2,868.506,904.223,1074.03,1387.99,1421.03,10000.0,2051.33,1954.07,2166.72,1352.39,1323.65,985.311,10000.0,1038.58,unsat,,,argumentation,main_2024 | submissions_2023,3061.916
67c533489a498495525efee429340958,10000.0,10000.0,77.5112,10000.0,10000.0,10000.0,10000.0,10000.0,10000.0,10000.0,10000.0,10000.0,10000.0,10000.0,unsat,,,coloring,main_2024 | submissions_2024,10000.000
695e287a447fcdd924985a6e73057a38,10000.0,10000.0,10000.0,10000.0,10000.0,10000.0,10000.0,10000.0,10000.0,10000.0,10000.0,10000.0,10000.0,10000.0,unknown,,,rbsat,anni_2022 | crafted_2009 | main_2024,10000.000
6969c86fbc5814332ab8615031334fa8,203.53,453.687,377.197,82.3818,80.9559,148.537,987.276,10000.0,1314.98,93.8629,373.721,191.922,222.999,357.882,sat,,,cryptography-ascon,main_2024 | submissions_2023,1259.502
697c96ac45534726c7dbd96faa11a86a,1831.58,1871.02,2292.21,2641.92,3210.09,10000.0,3283.06,331.564,1623.86,1728.54,1497.48,1554.06,3186.48,617.142,sat,,,hamiltonian,main_2024 | submissions_2024,2697.654
69e34d0f49c71a7e145d8104ebe0273f,1633.8,1476.64,10000.0,1850.85,2178.88,10000.0,1271.09,1266.1,1187.73,1653.23,2099.49,1819.33,1343.79,10000.0,unsat,,,planning,anni_2022 | main_2019 | main_2024,3151.863
6a674acad2aeac729ecb39ad9e4a2298,10000.0,10000.0,10000.0,10000.0,10000.0,10000.0,10000.0,10000.0,10000.0,10000.0,10000.0,10000.0,10000.0,10000.0,unknown,,,independent-set,main_2024 | submissions_2024,10000.000
6add7e416c1126607afeb2666af330ac,578.009,620.159,163.743,139.041,122.725,404.093,177.87,172.144,179.229,319.727,316.944,337.196,439.525,132.573,unsat,,,quantum-kochen-specker,main_2024 | submissions_2024,249.188
6c52aca5b5fd284bf1940b84df90a367,135.036,137.508,54.1824,101.789,98.4444,207.82,151.179,265.562,243.881,81.5172,114.411,68.1358,65.667,130.254,unsat,,,independent-set,main_2024 | submissions_2024,138.969
6f0e236c999de0a5e3c46fd3463b1d0d,931.462,1143.47,1308.85,1995.99,2219.93,10000.0,597.123,657.837,613.976,705.614,895.744,1147.99,669.28,1119.99,unsat,,,rooks,anni_2022 | crafted_2014 | main_2024,1874.861
6f4df706246d29bf38adadd274fadab3,3411.81,3514.77,1669.7,1992.69,2044.48,10000.0,10000.0,4501.9,4547.32,1973.93,2183.5,1712.41,2672.57,1709.51,unsat,,,subgraph-isomorphism,anni_2022 | handmade_2003 | main_2024,3939.846
6f7a0e1cf94b6b26eafc08a827a692ce,146.277,145.676,81.2315,56.3608,50.445,291.108,59.516,104.651,104.701,235.027,229.646,260.391,235.666,58.773,sat,,,random-circuits,main_2024 | submissions_2024,153.299
6fc528fc3d0fd5a2c50992feb8bf0357,10000.0,10000.0,10000.0,10000.0,10000.0,10000.0,1740.21,1774.36,10000.0,10000.0,10000.0,10000.0,10000.0,10000.0,sat,,,scheduling,main_2024 | submissions_2024,8501.325
7083b70c1976162e2693d7a493717ffd,0.00724,0.008165,31.0286,85.0349,92.348,191.098,136.592,193.227,192.687,6.76144,375.066,36.0101,1426.75,15.5713,sat,,,battleship,anni_2022 | crafted_2011 | crafted_2012 | main_2021 | main_2024 | portfolio_2012,250.104
70bfbd054dc9ffd394fab32845b492d3,748.099,800.928,165.901,523.21,578.896,3791.57,226.573,461.413,309.305,415.274,669.688,296.011,306.681,119.311,sat,,,random-circuits,main_2024 | submissions_2024,699.812
70ef2b6bdc4101a0e35cf3d165571fe3,32.8681,24.5985,13.1051,50.0495,16.5151,21.6524,27.3125,13.9506,50.1271,131.908,188.326,27.2732,620.036,22.1758,sat,,,quasigroup-completion,anni_2022 | handmade_2003 | main_2024,106.302
71a3dd6156463c0c55c4b38394faa753,514.355,511.18,110.185,218.351,574.425,1528.66,378.093,240.17,371.815,325.807,792.961,376.912,237.703,408.863,sat,,,maxsat-optimum,main_2024 | submissions_2022,495.796
71ec94c233016219e12d671594dc88e5,3690.24,3907.4,551.463,2413.16,1040.31,10000.0,686.699,1636.66,660.671,827.082,827.674,1991.47,822.59,257.457,sat,,,random-circuits,main_2024 | submissions_2024,1923.979
72c0d81e16d91bcaed808efcde2e5069,10000.0,10000.0,86.9061,372.955,115.224,10000.0,593.965,642.176,547.146,10000.0,10000.0,55.7194,10000.0,86.4054,sat,,,heule-folkman,main_2024 | submissions_2024,3855.781
7429e380834066c206394139c9e1e17d,62.4543,63.5976,68.4476,35.9741,502.915,678.448,23.2632,50.9728,13.144,782.962,413.028,345.016,285.518,5.9727,sat,,,maxsat-optimum,main_2024 | submissions_2022,285.201
74f145bb935650f5c982d7eec6967945,10000.0,10000.0,10000.0,10000.0,10000.0,10000.0,10000.0,10000.0,10000.0,10000.0,10000.0,10000.0,10000.0,10000.0,unknown,,,scheduling,main_2024 | submissions_2024,10000.000
761651d4b6454108403bdefe22720fb3,10000.0,10000.0,693.93,714.523,664.816,2389.95,765.845,854.041,864.01,1066.57,799.416,1239.51,1225.5,753.355,unsat,,,quantum-kochen-specker,main_2024 | submissions_2024,1030.685
768956cc8d1f2d18ae1929f6bb26557a,10000.0,10000.0,4.47689,10000.0,10000.0,10000.0,10000.0,10000.0,10000.0,10000.0,10000.0,10000.0,10000.0,10000.0,unsat,,,coloring,main_2024 | submissions_2024,10000.000
773f3bd29e202ff700d8b5b459857a2c,10000.0,10000.0,270.844,3844.23,4233.91,10000.0,1272.01,881.587,1172.36,10000.0,10000.0,135.34,10000.0,93.0245,sat,,,heule-folkman,main_2024 | submissions_2024,4693.860
778e0fd8f034b7cfd539b1b523ed4c4a,10000.0,10000.0,10000.0,10000.0,10000.0,10000.0,10000.0,10000.0,10000.0,10000.0,10000.0,10000.0,10000.0,10000.0,unknown,,,miter,main_2024 | submissions_2024,10000.000
77b7f7bbf75faaee28f473b9941de103,10000.0,10000.0,557.301,10000.0,10000.0,10000.0,1009.38,2201.76,2331.79,10000.0,10000.0,354.452,10000.0,90.2221,sat,,,heule-folkman,main_2024 | submissions_2024,5998.873
792495b57d6145fd21d7076eab2ab06a,1385.44,1013.03,380.458,424.293,329.869,4939.13,477.455,395.895,224.44,366.257,458.486,228.001,417.203,457.566,unsat,,,grs-fp-comm,main_2024 | submissions_2023,792.600
79b9e24dd9af185dbec18c9b0a32b1e2,145.612,49.0127,21.223,32.4848,111.496,10000.0,68.6694,55.915,55.8828,71.8033,189.752,119.648,10000.0,68.3486,sat,,,cryptography,anni_2022 | application_2011 | application_2012 | main_2017 | main_2024 | portfolio_2012,1888.545
7ac7fabd8c078aea420087a0c80e5563,625.969,788.589,582.782,770.501,669.828,10000.0,478.634,638.589,434.993,351.925,335.668,481.563,296.696,127.784,sat,,,random-circuits,main_2024 | submissions_2024,1326.016
7b48f9354d25521bd542d859c0ecdde9,10000.0,10000.0,10000.0,10000.0,10000.0,10000.0,10000.0,10000.0,3500.09,10000.0,10000.0,10000.0,10000.0,9.13099,unsat,,,miter,main_2024 | submissions_2024,8500.838
7b9d8b9b31b530effd634f5a8f1f4411,516.205,525.558,295.33,376.701,378.718,2329.8,701.679,793.777,714.972,356.112,355.502,326.564,1271.31,305.844,unsat,,,argumentation,main_2024 | submissions_2023,719.180
7cbc3ce2052ba7c5b501f75af58ab3c4,431.455,438.261,491.281,0.012018,0.011061,10000.0,1587.31,4321.27,307.322,0.097583,0.105643,10000.0,10000.0,0.007335,sat,,,cryptography-simon,main_2024 | submissions_2024,3292.376
7db30d12cb06f0dc2f30abff80d96d6a,10000.0,10000.0,10000.0,10000.0,10000.0,10000.0,10000.0,10000.0,10000.0,10000.0,10000.0,10000.0,10000.0,10000.0,unknown,,,binary-tree-parity,main_2024 | submissions_2024,10000.000
7dc0e1b5fedbd8351907f1316b58e68f,10000.0,10000.0,10000.0,10000.0,10000.0,10000.0,10000.0,10000.0,10000.0,10000.0,10000.0,10000.0,10000.0,10000.0,unknown,,,independent-set,main_2024 | submissions_2024,10000.000
7e1d279559b202016e5797901e731a39,474.667,481.342,144.826,0.013291,0.012334,10000.0,342.204,570.218,32.0862,0.103066,0.112125,10000.0,10000.0,0.008377,sat,,,cryptography-simon,main_2024 | submissions_2024,2813.160
7f1c7da531539f3be4a1e0e916913086,79.2155,79.7,945.072,147.185,161.697,199.645,175.448,191.671,141.341,240.714,141.291,876.259,1363.04,100.888,unsat,,,scheduling,main_2024 | submissions_2024,339.925
7f2b4b2bde9b866b93fbfe01341213da,218.853,310.425,218.02,247.487,243.092,516.98,547.193,475.74,503.016,244.166,234.721,189.353,221.588,234.833,unsat,,,cryptography-ascon,main_2024 | submissions_2023,332.561
7f7109dce621ef361a72b3e8cee9a962,3.60921,3.65144,1.13859,1.02743,1.17197,2.15987,2.92233,3.5105,2.15273,1.45872,1.70597,1.40082,1.55485,1.52963,unsat,,,scheduling,main_2024 | submissions_2022,1.872
7fb202a51c0223f3119887a57086ca4d,286.443,353.321,204.171,229.78,188.123,10000.0,259.845,314.625,260.052,80.7759,76.7627,81.4216,238.825,60.1223,unsat,,,hamiltonian,main_2024 | submissions_2024,1071.848
7fca438c38e5b7a70e38778ec146cfe0,1918.68,1956.63,2640.05,2051.01,1976.58,10000.0,2891.58,2994.69,2405.74,2242.04,2628.13,2696.61,10000.0,2147.32,unsat,,,scheduling,anni_2022 | main_2019 | main_2024,3821.245
812926407774771b3bd9885f7bfa4841,310.914,321.474,1934.1,105.234,104.834,88.4166,59.1887,57.6795,57.4821,506.228,508.947,478.019,499.956,76.9621,sat,,,miter,main_2024 | submissions_2024,231.177
82d9e8d2cfea101dfe52c8359b7bb163,904.929,911.465,648.896,607.939,692.715,10000.0,627.923,745.512,630.654,704.81,798.848,804.477,1192.59,438.04,unsat,,,maxsat-optimum,main_2024 | submissions_2022,1567.592
83b330c934d6dd35d56e1b1ca3638b3c,8.78348,49.2195,60.726,143.014,162.82,60.0642,12.5085,37.1054,99.2828,227.886,771.455,38.8595,1417.22,59.1876,sat,,,scheduling,main_2024 | submissions_2022,275.400
83dc8f675657b3e6d148ef5cf897fb82,2284.92,2815.23,10000.0,10000.0,10000.0,10000.0,10000.0,4344.28,4791.98,10000.0,10000.0,2557.61,2527.66,2690.57,unsat,,,planning,anni_2022 | application_2011 | application_2014 | main_2024,6992.009
84c6d7e4a18aacf166105aaa3cd6e3de,1335.35,1336.2,3026.27,414.58,407.185,138.115,1102.49,932.295,1057.15,847.803,665.489,2152.54,10000.0,414.067,sat,,,miter,main_2024 | submissions_2024,1648.338
8530c911b75ab1b276042043d118a875,447.737,438.267,115.276,121.916,125.245,461.885,169.642,161.037,197.659,339.618,317.067,331.579,428.813,112.067,unsat,,,quantum-kochen-specker,main_2024 | submissions_2024,251.503
8704094951693f99fd21403a039c8131,1459.6,1508.05,484.983,426.581,539.464,389.827,92.76,101.097,265.255,292.582,500.706,495.906,223.08,622.365,unsat,,,mutilated-chessboard,anni_2022 | main_2018 | main_2024,359.057
878bcc11e1e243680f7946bcf428f465,505.128,503.576,10000.0,347.044,1067.51,25.1824,668.554,194.894,194.435,379.228,1314.35,622.825,473.526,105.599,unsat,,,software-verification,main_2024 | submissions_2022,490.286
88d151d4e3c6ba9bd78454de141cd108,421.226,422.361,1350.81,598.873,420.21,1227.32,431.195,432.522,614.846,665.564,830.444,514.638,1201.0,540.46,unsat,,,cril-misc,anni_2022 | main_2018 | main_2024,679.734
88e89266e58f1f125ebc4e0f66e2c060,862.428,712.081,1618.25,940.443,917.615,102.802,69.9332,68.1328,68.3027,362.901,360.836,1292.41,10000.0,190.831,sat,,,miter,main_2024 | submissions_2024,1306.746
8942dca5dc0876fc3f723f738d72de1c,10000.0,10000.0,4132.28,3433.17,10000.0,10000.0,1576.48,2639.66,10000.0,3727.85,4574.14,4230.14,10000.0,826.937,sat,,,random-circuits,main_2024 | submissions_2024,5546.216
897acc1858ce0887f286aba5c0d56d71,10000.0,10000.0,10000.0,10000.0,10000.0,10000.0,3897.64,10000.0,10000.0,10000.0,10000.0,10000.0,10000.0,10000.0,sat,,,polynomial-multiplication,anni_2022 | main_2018 | main_2024,9445.240
8b18bb75459a4161633ba2a3c8ee183e,382.123,471.533,619.189,415.074,59.2106,10000.0,501.378,532.681,1346.21,500.751,53.8425,11.5553,284.541,245.421,sat,,,hamiltonian,main_2024 | submissions_2024,1268.242
8b31606e10656ff7eb2936262b647443,1.38394,1.37571,13.0376,26.5778,117.71,1181.03,38.8801,110.253,110.325,335.955,259.225,452.098,519.684,118.739,sat,,,argumentation,anni_2022 | application_2014 | main_2020 | main_2024,297.316
8b91c5bf4dfd87ffb46c5ef88a3ef1cd,10000.0,10000.0,10000.0,10000.0,10000.0,10000.0,10000.0,10000.0,10000.0,10000.0,10000.0,10000.0,10000.0,4808.04,unsat,,,miter,main_2024 | submissions_2024,9528.004
8bf63d50ebdb645b75a24370b8f94d31,1568.65,1582.22,10000.0,2363.82,1788.11,10000.0,2714.45,2557.69,2506.16,3872.73,10000.0,10000.0,10000.0,3870.36,unsat,,,planning,anni_2022 | application_2016 | main_2024,5424.847
8d2dfc50c1759dc11a6564d5c368c6df,10000.0,10000.0,10000.0,10000.0,10000.0,1960.28,10000.0,10000.0,10000.0,10000.0,10000.0,10000.0,10000.0,10000.0,unsat,,,equivalence-chain-principle,main_2024 | submissions_2024,9269.116
8d4b50ec0cf99097e9ab0835937afee5,10000.0,10000.0,10000.0,10000.0,10000.0,10000.0,10000.0,10000.0,10000.0,10000.0,10000.0,10000.0,10000.0,15.1189,unsat,,,miter,main_2024 | submissions_2024,9092.284
8e720686372c5037f30b4fc7b1c71d48,557.001,485.561,24.8911,8.42319,6.225,4.38927,31.3721,14.0098,9.27373,227.196,211.266,220.332,209.999,5.64278,sat,,,quantum-kochen-specker,main_2024 | submissions_2024,86.194
8ffd718f763ed7a3f691cf46e57f8d98,10000.0,10000.0,1931.27,1142.12,3155.06,10000.0,4166.98,1845.41,1296.33,1050.05,601.965,588.279,101.414,3377.91,sat,,,minimum-disagreement-parity,main_2024 | submissions_2022,2484.138
907e7dc703e16ad2c7e56a33fe3b3e5f,581.117,429.82,321.317,192.972,169.636,2378.5,125.633,132.85,126.227,139.22,170.015,303.612,206.404,373.255,unsat,,,hardware-verification,anni_2022 | application_2014 | main_2008 | main_2024,392.575
912ce8c21d8fb8abc491cb205ec23e9f,10000.0,10000.0,10000.0,10000.0,10000.0,10000.0,10000.0,10000.0,10000.0,10000.0,10000.0,10000.0,10000.0,0.518534,unsat,,,miter,main_2024 | submissions_2024,9090.956
915a25bd189357e4c6d7771b69a6849f,334.932,412.937,202.776,234.993,252.767,10000.0,274.221,307.868,295.609,95.2617,96.5134,111.765,257.97,65.3117,unsat,,,hamiltonian,main_2024 | submissions_2024,1090.207
91e0db01b254eb78f6643328045bfeb9,10000.0,10000.0,4547.47,10000.0,10000.0,10000.0,10000.0,10000.0,10000.0,10000.0,10000.0,10000.0,10000.0,10000.0,sat,,,stedman-triples,anni_2022 | main_2018 | main_2021 | main_2024,10000.000
9276ce38c625b2d00de247f8588f1542,128.947,162.522,777.997,45.4842,347.774,10000.0,111.95,18.0466,74.0814,10000.0,10000.0,1016.62,10000.0,19.8394,sat,,,cryptography,anni_2022 | main_2020 | main_2024,3784.891
94571e8a1081385029d1ecd53ffcdf8e,1219.35,1237.07,1343.43,1031.17,938.959,10000.0,1036.16,935.729,993.102,1031.72,1177.74,1449.22,2373.28,1071.92,unsat,,,maxsat-optimum,main_2024 | submissions_2022,2003.545
94dd280b1562ee7dae44b303b8fed233,10000.0,10000.0,10000.0,10000.0,10000.0,10000.0,10000.0,10000.0,10000.0,10000.0,10000.0,10000.0,10000.0,10000.0,unknown,,,scheduling,main_2024 | submissions_2022,10000.000
96a6796405061571e12d383efe27b703,609.856,628.116,426.967,531.139,687.294,10000.0,1078.35,1129.37,1123.59,620.593,461.459,568.081,2126.51,437.928,unsat,,,argumentation,main_2024 | submissions_2023,1705.847
973d699ec01b88da869233a79aaa1912,10000.0,10000.0,2.17238,10000.0,10000.0,10000.0,10000.0,10000.0,10000.0,10000.0,10000.0,10000.0,10000.0,2725.9,unsat,,,coloring,main_2024 | submissions_2024,9338.718
9777418f75e1dfbd7d34e9b0ba4bf0b5,10000.0,10000.0,10000.0,1769.81,1601.77,10000.0,2275.99,2313.44,1365.79,1269.69,2659.12,3203.82,10000.0,1992.36,unsat,,,grs-fp-comm,main_2024 | submissions_2023,3495.617
994783ef4ed3a0366842e1b6f9128a6f,200.004,242.542,58.7983,10000.0,2767.34,10000.0,4032.4,10000.0,10000.0,10000.0,10000.0,454.957,10000.0,2082.69,sat,,,heule-nol,main_2024 | submissions_2024,7212.490
9a06700729bf3426beb8a62040f92960,10000.0,10000.0,10000.0,10000.0,10000.0,10000.0,10000.0,10000.0,10000.0,10000.0,10000.0,10000.0,10000.0,10000.0,unknown,,,minimum-disagreement-parity,main_2024 | submissions_2022,10000.000
9cd3acdb765c15163bc239ae3a57f880,38.889,41.4014,47.4603,24.9358,45.652,451.488,15.0015,23.7483,23.9362,50.5908,33.4883,42.8104,34.7196,34.8271,unsat,,,equivalence-chain-principle,main_2024 | submissions_2024,71.018
9d9c4fa425282759eb9e98b82fb5f56e,589.216,557.203,1285.39,10000.0,411.581,2249.21,4335.98,1939.56,636.875,483.631,620.094,2620.31,10000.0,324.08,sat,,,hamiltonian,main_2024 | submissions_2024,3056.484
9dcbf221b8d2bb01f30bcca283f3608d,99.7018,100.75,72.6484,118.444,161.69,995.511,35.4882,90.7734,74.4698,463.712,400.311,68.3989,10000.0,62.0525,sat,,,erdos-discrepancy,anni_2022 | crafted_2014 | main_2024 | main_2025,1133.714
9e6c2e7b0d6f58e449716deb9305525a,10000.0,10000.0,10000.0,3719.26,3951.93,10000.0,3305.83,4671.99,4849.2,4777.37,3953.52,903.235,10000.0,1852.84,sat,,,random-circuits,main_2024 | submissions_2024,4725.925
9e749596a8de36d8ab706c96cf128455,1004.0,908.432,1152.61,1039.39,1046.68,4663.18,1344.92,1484.97,1369.5,847.042,892.611,939.364,4111.13,750.266,unsat,,,argumentation,main_2024 | submissions_2023,1680.823
9e85aad5707405fb349c6c5548040cf4,4121.89,4128.0,10000.0,10000.0,10000.0,10000.0,10000.0,410.75,10000.0,10000.0,10000.0,105.902,10000.0,10000.0,sat,,,scheduling,main_2024 | submissions_2024,8228.787
a08e66296d00f480e9ccadd79fa8b904,872.0,885.197,818.677,691.092,609.003,1112.61,398.505,352.993,437.012,613.733,2217.65,255.567,2191.17,892.134,sat,,,scheduling,main_2024 | submissions_2022,888.315
a14d9ee17051ec08a4334ba43089502c,1533.43,1391.7,4036.58,428.752,425.921,177.59,82.5313,81.1653,81.4093,620.226,2043.35,2494.63,10000.0,358.886,sat,,,miter,main_2024 | submissions_2024,1526.769
a38affaa741c958fc32769d5fe89b06c,28.5618,29.4402,0.131869,33.8843,40.5058,12.9666,61.4111,33.6899,34.0255,35.5224,31.2769,28.6381,51.9421,22.8976,sat,,,random-csp,anni_2022 | handmade_2004 | main_2024,35.160
a45a0358685867bd4f1c7f7c0b0e379c,54.8878,60.8076,139.756,271.951,56.9132,1256.15,245.524,489.369,197.771,0.558098,160.813,55.0327,73.6172,61.4845,sat,,,hamiltonian,main_2024 | submissions_2024,260.835
a5419a63d913bde0ba5bcd8a8571342f,553.406,1786.69,610.63,776.282,713.133,1385.41,4580.6,4445.43,3001.1,704.744,764.466,545.178,753.21,548.922,unsat,,,cryptography-ascon,main_2024 | submissions_2023,1656.225
a552a058e6376a36b1f1b2724f228364,1020.86,1269.08,712.13,846.662,815.069,10000.0,1047.87,1020.24,1157.84,719.22,1051.53,705.967,835.105,324.418,unsat,,,hardware-verification,anni_2022 | application_2012 | application_2014 | main_2023 | main_2024,1683.993
a58b8a5eb61d3110d9fa36a03de588d2,530.307,541.852,320.319,406.724,322.263,2323.37,593.425,694.731,671.729,380.538,283.571,303.524,1404.34,313.726,unsat,,,argumentation,main_2024 | submissions_2023,699.813
a5dc6226e4c0bebb06926efe55640995,10000.0,10000.0,10000.0,10000.0,10000.0,10000.0,10000.0,10000.0,10000.0,10000.0,10000.0,10000.0,10000.0,10000.0,unknown,,,minimum-disagreement-parity,main_2024 | submissions_2022,10000.000
a5fc113e7d4899f4e4af14b87b6fd6ae,1942.63,2076.78,3926.49,3187.05,2984.46,2550.25,2237.36,2353.49,3208.8,2331.15,2323.11,3082.61,2850.04,3707.61,unsat,,,hypertree-decomposition,anni_2022 | main_2020 | main_2024,2801.448
a6ed647f85f20be4aedd1e9ce31cbdcd,10000.0,10000.0,10000.0,10000.0,10000.0,10000.0,10000.0,10000.0,10000.0,10000.0,10000.0,10000.0,10000.0,10000.0,unknown,,,independent-set,main_2024 | submissions_2024,10000.000
a917b02a7c31e74c8ccf8b8f001abf37,10000.0,10000.0,10000.0,10000.0,10000.0,10000.0,10000.0,10000.0,10000.0,10000.0,10000.0,10000.0,10000.0,10000.0,unknown,,,independent-set,main_2024 | submissions_2024,10000.000
a9cb77454c6cfdf4092fb304d3aae8b7,10000.0,10000.0,2875.63,1135.79,4033.3,10000.0,2397.42,4146.73,1313.6,288.012,10000.0,77.2012,10000.0,653.881,sat,,,minimum-disagreement-parity,main_2024 | submissions_2022,4004.176
aa39c6d885d283a085d033ab7b89f8c8,10000.0,10000.0,0.040111,573.493,531.592,2594.07,263.451,569.631,570.86,1772.72,1138.49,3364.31,1002.05,339.365,unsat,,,tseitin-formulas,anni_2022 | crafted_2012 | main_2024,1156.367
aa6e6f67719ca43aef922f2ebabc409a,10000.0,10000.0,10000.0,10000.0,10000.0,10000.0,10000.0,10000.0,10000.0,10000.0,10000.0,10000.0,10000.0,10000.0,unknown,,,independent-set,main_2024 | submissions_2024,10000.000
aa9b67fd19d54ad51b93ee4ba5dc75fc,1150.39,1188.42,1544.76,1401.42,1800.52,10000.0,3303.68,3995.38,3356.47,622.275,676.587,739.05,2481.34,330.156,unsat,,,hamiltonian,main_2024 | submissions_2024,2609.716
aaa3654cc92d80da84ecf5d18040c634,889.599,873.777,10000.0,1779.08,1342.91,48.9286,1120.57,1125.69,1125.91,962.766,1711.53,651.351,691.858,154.685,unsat,,,software-verification,main_2024 | submissions_2022,974.116
aacfb8797097f698d14337d3a04f3065,433.073,425.292,8.33691,4.3341,25.3981,1.0978,1.49612,1.48204,1.48952,273.371,278.446,273.165,272.712,3.09279,unsat,,,planning,anni_2022 | application_2016 | main_2024,103.280
ab3438b504b296fcee78ec9e71969863,10000.0,10000.0,10000.0,10000.0,10000.0,10000.0,10000.0,10000.0,10000.0,10000.0,10000.0,10000.0,10000.0,10000.0,unknown,,,minimum-disagreement-parity,main_2024 | submissions_2022,10000.000
ac347c21ca0759079c0be9a758e4e924,10000.0,10000.0,1825.46,10000.0,10000.0,10000.0,10000.0,10000.0,10000.0,10000.0,10000.0,10000.0,10000.0,10000.0,unsat,,,coloring,main_2024 | submissions_2024,10000.000
aceab5a3452e2901e645065bda3e8847,271.705,276.149,798.379,93.5074,93.5545,80.0585,51.1409,50.2592,50.7548,515.745,499.85,471.535,501.771,67.61,sat,,,miter,main_2024 | submissions_2024,225.071
ad4e151d80c7012d88dd79bcfceaade5,122.317,125.05,31.7967,51.4781,57.6343,582.59,88.0884,83.2981,84.9886,18.2142,20.4941,23.9415,52.126,26.8637,unsat,,,hamiltonian,main_2024 | submissions_2024,99.065
adf6dacdd64c93f9de1aa0eadf427faa,51.0788,52.5625,47.8078,43.3423,41.7575,10000.0,35.1603,38.5979,44.8478,49.4497,82.6099,60.4985,44.7797,31.6105,sat,,,random-circuits,main_2024 | submissions_2024,952.059
ae9522ea003ea9f75891b2d37a5e264b,444.133,543.626,2356.71,0.077726,0.075643,10000.0,0.031807,0.030929,0.030996,11.8558,11.9784,438.627,1831.51,0.027398,sat,1285,166723,subgraph-isomorphism,anni_2022 | crafted_2011 | crafted_2012 | main_2023 | main_2024,1117.659
af05a6b68a1cff165b684d9ff0ae3b3b,1080.85,1103.19,908.443,10000.0,71.6614,10000.0,48.8558,829.101,2341.97,574.731,4313.52,1141.1,1664.81,1018.68,sat,,,hamiltonian,main_2024 | submissions_2024,2909.494
af750c18578d52e60472315692ad83c0,202.973,208.411,12.3505,5.17155,41.3297,4.45663,12.3177,12.3212,13.1437,212.585,205.632,213.044,205.707,8.83478,sat,,,subgraph-isomorphism,anni_2022 | main_2018 | main_2024,84.958
b087c195e5b7bb191d3a701aa0aa8cf1,10000.0,10000.0,10000.0,10000.0,10000.0,10000.0,10000.0,10000.0,10000.0,10000.0,10000.0,10000.0,10000.0,10000.0,unknown,,,scheduling,main_2024 | submissions_2022,10000.000
b11374f7fe60b9a63fbfde24b1a0a439,1781.22,1777.55,1774.78,2697.96,2429.25,10000.0,3033.17,3407.05,3422.47,1738.08,1414.19,1687.18,10000.0,1727.14,unsat,,,argumentation,main_2024 | submissions_2023,3777.863
b172b4c218f1e44e205575d2b51e82c4,10000.0,10000.0,10000.0,10000.0,10000.0,10000.0,10000.0,10000.0,10000.0,10000.0,10000.0,10000.0,10000.0,10000.0,unknown,,,coloring,anni_2022 | crafted_2016 | main_2024,10000.000
b3167d999edd81291f33636464f2f8e6,10000.0,10000.0,822.142,10000.0,10000.0,10000.0,2650.32,1641.63,2334.32,10000.0,10000.0,1700.62,10000.0,864.178,sat,,,heule-folkman,main_2024 | submissions_2024,6290.097
b3c587501567db72e6e66c6930cf15ed,10000.0,10000.0,2979.42,10000.0,10000.0,10000.0,559.888,554.997,1649.33,4099.66,10000.0,4455.58,971.169,10000.0,unsat,,,st-connectivity-principle,main_2024 | submissions_2024,5662.784
b3f53d4c67b234d27e21f5e56bfd39e8,3002.11,3068.81,1289.3,1230.09,832.46,10000.0,270.563,258.743,977.719,448.14,419.602,304.807,313.849,382.568,unsat,,,st-connectivity-principle,main_2024 | submissions_2024,1403.504
b44ea915362c3a140269003d45b1d053,615.815,657.8,373.719,104.557,427.701,258.425,255.222,830.81,1577.67,414.018,189.036,12.23,412.664,21.3413,sat,,,hamiltonian,main_2024 | submissions_2024,409.425
b4b41b2ff14427e5715cb9bee06d4602,318.574,315.378,72.488,84.1765,58.5302,220.364,75.2805,79.81,82.8051,273.705,256.637,280.566,286.057,66.0858,unsat,,,quantum-kochen-specker,main_2024 | submissions_2024,160.365
b5028686db9bd1073fa09cbd8c805f47,4898.37,151.234,931.628,136.818,187.687,1300.72,63.0739,41.9718,26.0691,243.997,149.612,10000.0,10000.0,727.535,unsat,,,cellular-automata,anni_2022 | main_2021 | main_2024,2079.771
b68ae7866df5e852c3acb97a46da2faf,71.8707,74.2005,219.355,115.25,58.3949,10000.0,180.716,187.134,197.655,94.3747,337.402,184.331,105.8,156.774,sat,,,random-circuits,main_2024 | submissions_2024,1056.167
b7273af3d468ea2595f11a6dbd6ef6ce,765.963,779.706,790.108,605.951,607.418,10000.0,1105.18,1214.38,1641.28,399.101,399.634,408.376,1275.06,246.58,unsat,,,hamiltonian,main_2024 | submissions_2024,1627.542
b76fa2f50a42120ec54fa98c29113326,10000.0,10000.0,10000.0,10000.0,10000.0,10000.0,10000.0,10000.0,10000.0,10000.0,10000.0,10000.0,10000.0,10000.0,unknown,,,miter,main_2024 | submissions_2024,10000.000
b8c7c777e76995e5bf7b517f2db234ba,0.153732,0.154228,29.9601,132.206,64.5256,2046.73,46.2293,888.463,413.053,10000.0,10000.0,26.5668,10000.0,130.15,sat,,,heule-nol,main_2024 | submissions_2024,3067.993
b8f5fc2425facb3aec52a665f32a500c,197.933,211.283,218.971,342.671,249.599,624.413,1061.02,880.827,475.484,244.192,233.325,185.98,196.788,203.672,unsat,,,cryptography-ascon,main_2024 | submissions_2023,427.088
bb591c6447fb6b4180f6d288eb2ff62a,1088.55,941.744,1226.41,776.738,699.752,10000.0,1185.25,1182.58,1292.36,761.015,1001.23,1364.58,1466.23,588.982,unsat,,,miter,main_2024 | submissions_2024,1847.156
bbfe2b27182d2ee7fefdb557f458ac9c,10000.0,10000.0,271.127,10000.0,10000.0,10000.0,10000.0,10000.0,10000.0,10000.0,10000.0,10000.0,10000.0,10000.0,unsat,,,coloring,main_2024 | submissions_2024,10000.000
bbfed8974655bca520259deb10d2347b,178.172,182.098,123.322,15.3141,68.0224,136.238,27.3382,41.0037,95.8462,11.6647,23.5485,24.539,87.3691,41.6983,sat,,,hamiltonian,main_2024 | submissions_2024,52.053
bd12a2b66110451b050bd5d2943b1854,10000.0,10000.0,10000.0,10000.0,10000.0,10000.0,10000.0,10000.0,10000.0,10000.0,10000.0,10000.0,10000.0,10000.0,unknown,,,scheduling,main_2024 | submissions_2022,10000.000
bd19da88800086971e554e9d66bc641d,422.442,420.345,294.16,383.48,408.121,10000.0,671.467,646.553,647.483,368.281,409.171,367.252,1251.41,296.672,unsat,,,argumentation,main_2024 | submissions_2023,1404.535
bd8bc25be2b36c64b38459c17e815814,193.703,196.415,251.615,112.638,135.475,1018.05,305.689,339.439,324.569,130.382,86.3123,219.318,713.312,61.7324,unsat,,,scheduling,main_2024 | submissions_2024,313.356
bdcdb52d16f87ea20f091ca4b0b6a36f,1613.29,2107.04,1858.16,930.503,1047.98,10000.0,1065.47,1152.13,1228.8,972.49,1138.42,1808.22,1862.28,743.966,unsat,,,miter,main_2024 | submissions_2024,1995.478
be18894105e006399cc018abc14b204f,69.8975,48.034,649.501,1834.14,716.906,10000.0,13.3646,55.489,53.0179,759.029,2701.41,1607.35,767.83,219.63,sat,,,maxsat-optimum,main_2024 | submissions_2022,1702.561
be6411f4784a3c879886dda807cdc607,10.2709,10.1031,36.5285,29.3657,11.4385,234.797,35.828,35.7388,76.9319,155.438,10.7358,11.0997,169.022,24.9279,sat,,,scheduling,main_2024 | submissions_2022,72.302
bfadd34e71516e95d0ba2a3a8fb2ba03,10000.0,10000.0,10000.0,10000.0,10000.0,10000.0,10000.0,10000.0,10000.0,10000.0,10000.0,10000.0,10000.0,10000.0,unknown,,,scheduling,main_2024 | submissions_2024,10000.000
c0293283432a9b15cd743702163f5184,19.6237,19.2653,1514.01,33.5086,31.3299,10000.0,6.32341,80.6512,80.7261,30.4804,10000.0,365.748,10000.0,10000.0,sat,,,polynomial-multiplication,anni_2022 | main_2017 | main_2024,3693.524
c03f7f84f6ac9e523c17e391c3895183,1724.21,1714.37,10000.0,785.203,799.012,61.4824,480.783,1459.05,1477.5,660.909,2614.03,1151.73,1269.11,142.349,unsat,,,software-verification,main_2024 | submissions_2022,991.014
c0e6e6eeebd48ca600cfc7d662fa804c,680.385,701.202,849.216,682.834,667.192,10000.0,1013.59,1129.44,1161.64,478.362,429.829,449.958,1241.88,198.531,unsat,,,hamiltonian,main_2024 | submissions_2024,1586.660
c214f1eb2576af00e3fb09f7d0305764,955.564,1019.81,2020.75,359.383,333.178,115.009,62.4044,63.5677,61.0597,406.872,1348.43,891.038,577.325,268.217,sat,,,miter,main_2024 | submissions_2024,407.862
c21cea390a50204944aa00babd56b53c,667.658,705.655,10000.0,10000.0,2096.2,65.7522,1666.32,1798.08,1853.19,785.045,2629.99,1231.87,916.268,10000.0,unsat,,,software-verification,main_2024 | submissions_2022,3003.883
c2bfe541b7cff948fa3193e9ca0eddee,111.599,112.298,855.805,35.1635,181.055,350.283,44.6208,95.7736,96.3163,430.221,206.098,109.962,216.561,525.162,sat,,,random-csp,anni_2022 | handmade_2004 | main_2024,208.292
c3e53c353f30d9e2eb54ed93d6ce4f02,246.975,248.919,135.543,116.098,110.019,10000.0,216.037,221.359,231.998,78.0281,70.4424,65.2144,199.279,40.9134,unsat,,,hamiltonian,main_2024 | submissions_2024,1031.763
c5a98231dd54cbca06135293bb7e1985,275.026,280.462,1662.38,3413.95,3965.57,3374.86,872.114,1031.04,1302.04,9.93288,441.492,195.85,10000.0,74.6364,sat,,,hamiltonian,main_2024 | submissions_2024,2243.771
c5ae0ec49de0959cd14431ce851c14f8,1454.03,1486.45,1243.8,560.044,764.626,3362.12,878.087,1039.24,1438.53,17.8339,131.48,23.1431,213.931,656.196,sat,,,circuit-multiplier,anni_2022 | main_2021 | main_2024,825.930
c6568fc8805127e876c4c23551bf49fa,531.377,548.35,575.171,505.138,494.827,10000.0,663.394,855.672,822.184,266.43,421.407,318.916,727.484,152.506,unsat,,,hamiltonian,main_2024 | submissions_2024,1384.360
c69c5163c9087ffe770743bd4cdafcc9,10000.0,10000.0,69.22,10000.0,10000.0,10000.0,10000.0,10000.0,10000.0,10000.0,10000.0,10000.0,10000.0,10000.0,unsat,,,tseitin-formulas,main_2024 | submissions_2024,10000.000
c6e03256680b96b52e3345a497333c2b,253.673,258.503,723.139,515.792,602.128,10000.0,374.128,422.437,667.849,768.934,700.938,625.876,873.118,225.565,unsat,,,miter,anni_2022 | handmade_2003 | main_2024,1434.251
c73edc350cfa8e07af58db50054aea45,3.19414,3.31961,675.603,1686.93,10000.0,10000.0,10000.0,645.495,4133.1,10000.0,10000.0,606.177,10000.0,512.7,sat,,,heule-nol,main_2024 | submissions_2024,6144.037
c76f3c6c2e2eae85fc5f3d499f3db88d,149.194,151.445,46.7089,1300.14,1057.27,460.583,537.676,593.461,561.523,134.942,151.94,267.71,482.139,23.2631,unsat,,,puzzle,anni_2022 | main_2017 | main_2020 | main_2024,506.422
c801a020a6c8bc3c287fea495203b114,0.013041,0.012568,0.586534,0.275634,0.448069,0.006451,0.086055,0.084278,0.084418,0.178691,0.175121,0.174973,0.174867,0.13536,sat,,,scheduling,main_2024 | submissions_2022,0.166
c82eee3badbc8432dad72d1d575a0ea6,249.436,311.718,248.391,587.445,564.657,4469.24,1138.63,166.562,960.302,481.938,827.245,185.025,2116.17,2440.44,sat,,,cryptography,anni_2022 | main_2020 | main_2024,1267.059
c8b129b9e4835b8a40d5ef0d27a45bef,1837.59,1905.02,10000.0,1038.42,2485.18,81.3496,404.045,435.575,467.934,702.0,3600.36,1961.69,1025.11,10000.0,unsat,,,software-verification,main_2024 | submissions_2022,2018.333
c8e64404361f2426490d39459832c66a,186.836,177.729,422.899,54.049,52.3411,12.4271,11.9486,11.6336,11.6762,226.391,237.084,265.735,254.054,42.8596,sat,,,miter,main_2024 | submissions_2024,107.291
c9f511adbb3d6e1b37b410f972f270c6,432.582,442.031,392.802,371.432,315.145,2289.48,282.999,306.854,290.181,550.329,532.261,594.208,840.545,354.427,unsat,,,maxsat-optimum,main_2024 | submissions_2022,611.624
ca14adcb9296a7b31d7815c2ed16d0f1,2.62018,2.59896,0.737502,0.47661,0.466209,1.19069,0.155158,0.157232,0.169866,6.28745,6.23482,6.16804,10.1131,0.957618,sat,,,scheduling,main_2024 | submissions_2022,2.943
cb2e8b7fada420c5046f587ea754d052,1645.57,1632.35,16.5909,915.341,2110.21,327.604,19.0865,11.5713,13.1769,0.266788,0.286988,1.81784,2.75255,18.1429,unsat,,,clique-formulas,main_2024 | submissions_2024,310.932
cc30e4eedbcf9c3bc110894d08781246,10000.0,10000.0,10000.0,10000.0,10000.0,10000.0,10000.0,10000.0,10000.0,10000.0,10000.0,10000.0,10000.0,10000.0,unknown,,,scheduling,main_2024 | submissions_2022,10000.000
cccee4b0d4c70a5d5422663e2d8887da,10000.0,10000.0,10000.0,10000.0,10000.0,10000.0,2358.24,10000.0,10000.0,10000.0,10000.0,3574.59,3568.21,4149.41,sat,,,independent-set,main_2024 | submissions_2024,7604.586
cd33a862b81ba7b887845d3510c41c62,709.326,708.315,10000.0,4899.98,3946.09,120.195,2884.6,189.361,446.943,3365.52,1642.08,10000.0,10000.0,1799.86,sat,,,cryptography,anni_2022 | crypto_2021 | main_2019 | main_2024,3572.239
cd361d33986dccd7f2d86016d6c35241,390.422,299.869,1296.25,440.783,404.974,1658.58,347.332,365.375,383.664,413.57,1665.37,428.684,3474.21,544.849,sat,,,cellular-automata,anni_2022 | main_2018 | main_2022 | main_2024,920.672
cdce6277b01ae06ddb95468c5f05de71,32.8842,33.7082,119.13,0.010026,0.008914,10000.0,40.8629,10000.0,10000.0,0.087419,0.094989,10000.0,10000.0,0.005965,sat,,,cryptography-simon,main_2024 | submissions_2024,4549.188
cdd131110acc861a5a01fae6c4936c91,144.526,121.06,10000.0,10000.0,10000.0,10000.0,10000.0,10000.0,10000.0,207.447,10000.0,448.172,10000.0,10000.0,sat,77328,8485566,coloring,anni_2022 | main_2020 | main_2023 | main_2024 | main_2025,8241.420
d02fae1e84cfbe799c792ba237f08f66,3905.23,10000.0,10000.0,1473.75,3789.8,10000.0,1936.98,1190.15,1310.81,4607.19,10000.0,1007.98,4393.03,976.55,sat,,,scheduling,anni_2022 | main_2018 | main_2024,3698.749
d11944fbca2dd6540f18bd05b6ccda0c,250.868,251.515,10000.0,10000.0,10000.0,10000.0,10000.0,10000.0,10000.0,10000.0,10000.0,10000.0,10000.0,10000.0,sat,,,minimum-disagreement-parity,main_2024 | submissions_2022,10000.000
d1940d3d830eb16a7d2270ca4af4acba,746.307,792.059,655.718,126.415,214.445,154.049,423.625,1235.35,1080.39,126.298,2130.74,138.356,1188.68,622.399,sat,,,minimum-disagreement-parity,main_2024 | submissions_2022,676.432
d195412a62cdcbb851136f60af76f463,320.606,329.173,254.852,277.289,296.778,10000.0,260.023,318.218,250.627,99.7833,105.338,101.139,424.895,90.1092,unsat,,,hamiltonian,main_2024 | submissions_2024,1111.291
d3893e43819a907055a84e48a6ee97ba,1154.04,1430.99,710.201,1.72371,1.66033,10000.0,10000.0,10000.0,10000.0,32.3467,32.2604,640.673,10000.0,1.07219,sat,,,miter,anni_2022 | main_2017 | main_2024,4609.976
d40a68825bdbcdd7642b249325a7b6a2,10000.0,10000.0,255.853,610.491,3272.94,10000.0,991.004,947.352,493.204,10000.0,10000.0,160.972,10000.0,107.744,sat,,,heule-folkman,main_2024 | submissions_2024,4234.882
d5f6b2092795aad67d1df1fd3a329552,2476.93,2563.97,10000.0,2444.8,2873.23,10000.0,10000.0,10000.0,10000.0,2248.94,1926.61,2685.06,10000.0,2864.64,unsat,,,argumentation,main_2024 | submissions_2023,5913.025
d7627176604d5b86f34d2f5d14d8ee99,10000.0,10000.0,10000.0,10000.0,10000.0,10000.0,10000.0,10000.0,10000.0,10000.0,10000.0,10000.0,10000.0,10000.0,unknown,,,scheduling,main_2024 | submissions_2022,10000.000
d7dbb2cba940af33b2bce37ea99b8110,712.488,852.829,584.222,566.883,655.915,4812.81,344.476,300.552,365.27,591.769,616.776,418.021,135.6,101.741,unsat,,,miter,anni_2022 | application_2014 | main_2015 | main_2024 | parallel_2015,809.983
d7f2e4ec8e631387c928c79e1054c663,1940.73,1984.44,1806.35,2867.6,3454.28,10000.0,3741.17,4174.22,4154.37,2210.03,1712.89,1750.18,10000.0,1549.64,unsat,,,argumentation,main_2024 | submissions_2023,4146.762
da929c2aefde5e59878ad87c4323e581,10000.0,10000.0,10000.0,10000.0,10000.0,10000.0,10000.0,10000.0,10000.0,10000.0,10000.0,10000.0,10000.0,10000.0,unknown,,,scheduling,main_2024 | submissions_2024,10000.000
dacb03ea801d459ef08db23a8b1d104f,10000.0,10000.0,10000.0,10000.0,10000.0,10000.0,10000.0,10000.0,10000.0,10000.0,10000.0,10000.0,10000.0,10000.0,unknown,,,miter,main_2024 | submissions_2024,10000.000
dafc03ea784fee849febca7b64230558,1326.2,1340.83,10000.0,10000.0,10000.0,10000.0,2117.19,10000.0,1400.78,4756.63,4737.09,2579.06,2314.61,1701.02,unsat,,,scheduling,main_2024 | submissions_2024,5418.762
db15a85651e0d941a11bf8640625edd8,10000.0,10000.0,10000.0,10000.0,10000.0,10000.0,10000.0,10000.0,10000.0,10000.0,10000.0,10000.0,10000.0,10000.0,unknown,,,minimum-disagreement-parity,main_2024 | submissions_2022,10000.000
dc7817dfa2817916b266c1cfacd2ee66,2368.06,2000.22,345.194,548.354,214.395,389.72,261.002,573.352,396.335,762.328,662.54,334.74,253.651,200.219,unsat,,,ramsey,main_2024 | submissions_2024,417.876
dcf5b8224d1e0748871c83ee10067255,10000.0,10000.0,10000.0,10000.0,10000.0,10000.0,10000.0,10000.0,10000.0,10000.0,10000.0,10000.0,10000.0,10000.0,unknown,,,hardware-verification,anni_2022 | application_2011 | main_2010 | main_2024,10000.000
dd57f6ebf07a7f932a82bed1877788e6,855.087,836.432,582.704,539.809,555.695,10000.0,384.986,473.943,439.739,502.302,543.678,632.634,636.925,306.692,unsat,,,miter,main_2024 | submissions_2024,1365.128
dd5fc8da5454a990a0e7999884158c64,375.417,412.253,89.8608,108.459,102.614,241.333,247.088,193.131,213.497,68.8776,118.535,88.2744,81.4536,121.594,unsat,,,independent-set,main_2024 | submissions_2024,144.078
dd7164f2592c9675618c5c99af9b70f3,10000.0,10000.0,10000.0,10000.0,10000.0,10000.0,10000.0,10000.0,10000.0,10000.0,10000.0,10000.0,10000.0,10000.0,unknown,,,independent-set,main_2024 | submissions_2024,10000.000
ddc0720fa5a91d9cc0dc726644ab9e9f,53.6662,63.0033,1.69032,42.58,33.4537,128.057,2.46094,3.01121,4.22049,123.306,175.938,1.1381,1.44919,0.384703,unsat,,,miter,anni_2022 | application_2014 | main_2015 | main_2024,46.909
de7a6b03999e2bc5bd750831c2662a4d,0.22611,0.227915,751.504,293.411,3543.28,705.089,3215.49,701.832,2153.51,10000.0,10000.0,16.3165,10000.0,229.481,sat,,,heule-nol,main_2024 | submissions_2024,3714.401
ded23680dfeab2879c05bc0e4de21126,243.581,286.011,217.192,196.914,145.049,10000.0,223.46,253.149,308.19,83.3868,84.3524,74.5101,243.144,54.5434,unsat,,,hamiltonian,main_2024 | submissions_2024,1060.609
df1bd67978b9b0ec1d326ba174bc273c,3229.36,2789.49,124.403,65.7476,655.395,10000.0,4527.4,1248.51,4170.25,10000.0,4542.89,183.787,10000.0,521.437,sat,,,hamiltonian,main_2024 | submissions_2024,4174.129
e067414e153ee98a7842bd6d6dafeee5,175.632,179.7,445.282,656.378,225.063,3648.65,87.3311,349.62,292.844,905.841,399.397,630.065,705.024,621.814,sat,,,maxsat-optimum,main_2024 | submissions_2022,774.730
e06be7a69dbd6d6866a2799cd40c4bfe,10000.0,10000.0,10000.0,10000.0,10000.0,10000.0,10000.0,10000.0,10000.0,10000.0,10000.0,10000.0,10000.0,2.7254,unsat,,,miter,main_2024 | submissions_2024,9091.157
e08f11f0a3bd266ee5c78ce332de107f,532.364,614.789,577.643,538.694,601.959,10000.0,753.412,822.686,689.877,457.177,405.821,385.427,685.29,175.362,unsat,,,hamiltonian,main_2024 | submissions_2024,1410.519
e0bf26a7527cd162c7d3016d4b2ab9fb,558.517,369.369,453.772,129.608,47.0299,626.786,357.447,352.718,53.4121,447.699,262.568,165.625,10000.0,45.4847,sat,,,cryptography,anni_2022 | application_2012 | application_2013 | application_2016 | crypto_2021 | main_2010 | main_2024,1135.307
e2deb375e56da2360ecd08fc1179fb7d,1249.96,1323.48,347.402,561.27,436.455,4645.95,273.699,460.196,797.634,600.994,531.815,366.676,347.129,143.365,sat,,,random-circuits,main_2024 | submissions_2024,833.198
e371cd7cdde3e7ccb9834290fd4a92d0,2041.4,1918.36,10000.0,1204.86,1191.05,227.971,115.971,113.545,113.592,646.621,641.708,1572.39,10000.0,334.731,sat,,,miter,main_2024 | submissions_2024,1469.313
e38601380bfbab35dd8c5927283533fb,10000.0,4025.71,10000.0,2750.11,2740.55,10000.0,3291.26,3717.53,4522.26,2486.64,3160.56,10000.0,10000.0,2483.52,unsat,,,miter,main_2024 | submissions_2024,5013.857
e481a97a93fd6b4303f39024d19c2867,152.387,142.137,27.5917,562.092,44.7751,168.316,24.5292,19.8306,22.0846,44.6714,995.227,78.718,3937.26,16.8902,sat,,,scheduling,main_2024 | submissions_2022,537.672
e6cdc2687fa53506021f05b60ad0c6a2,79.7852,82.0893,54.9781,198.687,56.9332,284.936,19.9351,51.3893,51.3703,158.651,63.1694,33.3186,49.9098,36.6969,sat,,,unknown,anni_2022 | main_2019 | main_2024,91.363
e7248b57a310ad461924eb17956cdf3a,10000.0,10000.0,1773.35,10000.0,10000.0,10000.0,10000.0,10000.0,10000.0,10000.0,10000.0,1355.73,10000.0,1270.05,sat,,,heule-folkman,main_2024 | submissions_2024,8420.525
e84b00b1f134e0e071a2baf54cfc90e8,699.587,658.703,345.75,347.974,356.811,1393.59,662.526,686.028,658.615,325.787,284.301,342.896,953.301,436.88,unsat,,,argumentation,main_2024 | submissions_2023,586.246
e85e793a66a2c9d390f40acf29a5346b,10000.0,10000.0,10000.0,10000.0,10000.0,10000.0,10000.0,10000.0,10000.0,10000.0,10000.0,10000.0,10000.0,10000.0,unknown,,,independent-set,main_2024 | submissions_2024,10000.000
e85fb114c33f450dc2622c78bc6fa019,233.915,236.056,686.609,80.595,80.6427,69.4362,44.3816,44.4618,43.8376,441.952,444.795,434.262,428.984,59.8633,sat,,,miter,main_2024 | submissions_2024,197.565
e8abb9c83efdd96a99990f3b914ea873,480.365,483.965,10000.0,434.611,994.978,40.0859,397.965,348.585,348.633,518.615,822.677,1005.13,629.74,151.249,unsat,,,software-verification,main_2024 | submissions_2022,517.479
e99e266b422513a2898c13898a1de501,362.754,330.373,132.863,47.6023,21.7998,106.388,322.252,471.546,471.461,170.078,33.7713,37.6961,87.567,188.065,sat,,,rbsat,anni_2022 | crafted_2012 | main_2024,178.021
ea827f81bd0e9735739adc0d9da1b446,1273.19,1331.2,1659.24,2296.44,1928.01,10000.0,1612.25,1729.99,1796.41,979.921,1087.77,1279.5,10000.0,1238.26,unsat,,,argumentation,main_2024 | submissions_2023,3086.232
ec84eecb124c63d4757e083dd0e5a9ff,362.554,372.233,67.2607,201.915,313.099,1362.96,83.1925,106.456,99.7295,248.346,278.731,127.218,228.406,506.585,unsat,,,mutilated-chessboard,anni_2022 | main_2018 | main_2024,323.331
ecca77b5350eca6a4323edd5b38208c6,206.493,188.036,161.864,4125.24,606.658,269.681,303.584,672.809,164.101,139.932,709.367,177.587,10000.0,115.508,sat,,,cryptography,anni_2022 | application_2013 | main_2024,1571.315
eda4aa84aeeb306468396fa82a6bba5a,66.6402,71.5397,97.4358,108.534,79.3132,178.538,130.959,174.887,71.4966,314.704,131.917,70.782,4844.94,90.3698,sat,,,scheduling,anni_2022 | application_2013 | main_2021 | main_2024,563.313
edceb8782e72e290fa54757dbfdd0173,230.193,305.745,120.795,106.327,99.4454,10000.0,151.47,173.554,214.387,59.1532,58.6622,64.6897,132.024,97.2783,unsat,,,hamiltonian,main_2024 | submissions_2024,1014.272
eddd68e14d69cce7190b99f4e7abdafb,16.8547,17.2646,283.949,217.935,342.858,68.2642,152.323,42.2595,115.498,4.17791,55.7471,95.8426,9.03048,37.6459,sat,,,hamiltonian,main_2024 | submissions_2024,103.780
ee57608ea4b74f25aebca809d59711c9,10000.0,10000.0,10000.0,2260.41,4672.64,10000.0,10000.0,10000.0,10000.0,10000.0,10000.0,10000.0,10000.0,10000.0,unsat,,,risc-instruction-removal-subrv,main_2024 | submissions_2023,8812.095
eed5189b73738270ae3fdb8b33bf31c8,10000.0,10000.0,180.015,488.058,10000.0,10000.0,1537.6,1223.78,1321.81,10000.0,10000.0,128.051,10000.0,91.2064,sat,,,heule-folkman,main_2024 | submissions_2024,4980.955
ef16970ab9da31165d3c401ff9b29168,10000.0,10000.0,1497.11,10000.0,10000.0,10000.0,3311.36,1178.89,2514.22,10000.0,10000.0,448.943,10000.0,418.88,sat,,,heule-folkman,main_2024 | submissions_2024,6170.208
ef330d1b144055436a2d576601191ea5,6.45092,6.28736,1.8384,1.58389,1.02901,2.0014,1.18838,1.87593,1.40396,1.5744,1.09551,1.6956,1.31726,2.56272,unsat,,,automata-synchronization,anni_2022 | crafted_2011 | crafted_2012 | main_2024,1.575
f0426369f61595aee97055965ee7e6a3,10000.0,10000.0,10000.0,10000.0,10000.0,10000.0,10000.0,10000.0,10000.0,10000.0,10000.0,10000.0,10000.0,3.17066,unsat,,,miter,main_2024 | submissions_2024,9091.197
f054205a7cef98e5021016f864c69816,30.4702,40.1531,1111.2,13.6137,92.0798,174.726,56.0598,16.7098,15.5436,40.0407,47.5955,26.9347,39.8398,20.4903,sat,,,summle,main_2024 | submissions_2022,49.421
f15ad4206d95a3f8f1358b33301539be,1005.75,1021.6,946.708,832.812,1028.23,3335.78,1296.79,1390.85,1383.68,953.018,918.103,1093.63,3169.94,873.996,unsat,,,argumentation,main_2024 | submissions_2023,1479.712
f16b7329ef5728f722c291156b3b098e,1128.35,1159.06,1132.39,957.373,987.12,10000.0,1289.78,1139.08,1073.45,1001.68,1169.03,1182.22,1925.28,1037.68,unsat,,,maxsat-optimum,main_2024 | submissions_2022,1978.427
f18c7c7b8666458fd04ea7a253ae1e20,331.738,331.182,10000.0,791.136,793.115,129.357,215.532,227.007,261.091,709.514,524.951,10000.0,10000.0,774.749,unsat,,,equivalence-chain-principle,main_2024 | submissions_2024,2220.587
f296fe701a562022c0de0cf565fbca7d,157.331,184.429,58.438,63.7061,62.8503,1095.92,103.825,101.612,101.463,20.4289,25.8812,26.3365,82.5735,24.5139,unsat,,,hamiltonian,main_2024 | submissions_2024,155.374
f32bb347996c351bc3e9a91c58e8601d,452.954,23.5572,406.965,934.768,351.173,2564.39,283.087,356.066,210.199,215.613,10000.0,829.98,10000.0,1368.05,sat,,,influence-maximization,anni_2022 | main_2020 | main_2024 | main_2025,2464.848
f376d4c191518ed704326960b6b19a4b,511.002,511.884,542.798,474.659,502.091,10000.0,797.395,829.362,647.334,383.262,384.217,290.591,907.683,152.499,unsat,,,hamiltonian,main_2024 | submissions_2024,1397.190
f45e5faf1bcccbdd3065dd6367c3bd16,539.718,555.165,585.795,501.516,499.337,10000.0,692.057,848.744,906.864,345.404,401.904,261.936,783.329,175.389,unsat,,,hamiltonian,main_2024 | submissions_2024,1401.498
f48735588e3515135f039e8bc8efaee5,352.255,94.5819,588.963,230.993,227.868,1091.95,10000.0,10000.0,1054.81,561.888,440.586,349.04,395.158,128.837,sat,,,cryptography-ascon,main_2024 | submissions_2023,2225.557
f50eaf02a8041510b64104998cc81d2f,180.503,220.635,146.932,139.484,99.0193,116.022,46.2139,45.2524,108.884,106.302,412.333,48.5686,355.65,5.83725,sat,,,stedman-triples,anni_2022 | main_2018 | main_2024,134.870
f54b352934be08821aa75b3424112956,771.571,788.444,10000.0,801.093,1224.04,37.2936,824.065,734.7,864.601,515.699,1102.42,389.253,629.491,120.828,unsat,,,software-verification,main_2024 | submissions_2022,658.499
f561c52b987bdb9031a477864070b759,55.9181,56.2458,231.805,1595.61,332.41,10000.0,74.5408,69.1595,478.982,10000.0,10000.0,99.9289,10000.0,150.462,sat,,,pythagorean-triples,anni_2022 | crafted_2016 | main_2024,3891.008
f70788e8446c1bc42684316de0a6c164,10000.0,10000.0,10000.0,10000.0,10000.0,10000.0,10000.0,10000.0,10000.0,10000.0,10000.0,10000.0,10000.0,2.42781,unsat,,,miter,main_2024 | submissions_2024,9091.130
f746dae2050dd4aa48bcd53e8bd897b4,21.5632,4.33813,138.963,4765.42,10000.0,10000.0,786.023,10000.0,1837.26,1778.79,10000.0,10000.0,87.1666,1859.21,sat,,,tree-decomposition,anni_2022 | main_2018 | main_2021 | main_2024,5555.806
f7e855b18105170b0718086d3f5b5923,246.149,246.844,234.91,696.328,176.8,1317.55,85.0501,249.926,471.542,4233.46,3479.58,54.9206,10000.0,223.403,sat,,,scheduling,main_2024 | submissions_2022,1908.051
f8443057c188f6c9cfb711ff3d4aa6ff,2661.49,2601.45,138.055,96.7227,108.549,269.159,142.404,132.932,151.959,293.196,276.508,326.262,338.063,115.71,unsat,,,quantum-kochen-specker,main_2024 | submissions_2024,204.679
f86dad4ba35369eb720a0c9ddc45037a,10.2382,10.4932,10.1385,481.505,39.5443,1945.21,10.7593,35.1154,15.7091,48.1011,3361.21,16.6669,10000.0,8.23709,sat,,,cryptography,anni_2022 | main_2020 | main_2024,1451.096
fa50d69adc71fe4daf7f9088cd02864a,10000.0,10000.0,10000.0,10000.0,10000.0,10000.0,10000.0,10000.0,10000.0,10000.0,10000.0,10000.0,10000.0,10000.0,unknown,,,random-circuits,main_2024 | submissions_2024,10000.000
fa5c6d6736a42650656c5bc018413254,10000.0,10000.0,0.219983,10000.0,10000.0,10000.0,10000.0,10000.0,10000.0,10000.0,10000.0,10000.0,10000.0,10000.0,unsat,,,binary-pigeon-hole,main_2024 | submissions_2024,10000.000
fae08ac5b6d7eeb4f56f1cfac6c51703,895.071,885.885,796.156,708.4,698.938,10000.0,799.078,922.477,887.51,774.909,730.83,789.131,1030.5,655.367,unsat,,,scheduling,main_2024 | submissions_2022,1636.104
fb0e505b8bd19a34f1f80b8e020e7856,632.492,591.242,80.6592,79.6694,80.9332,221.946,104.499,99.6798,95.4026,279.888,276.866,276.166,323.669,83.8513,unsat,,,quantum-kochen-specker,main_2024 | submissions_2024,174.779
fb45d41807bcbbbe689de282c1310798,10000.0,10000.0,10000.0,10000.0,10000.0,10000.0,10000.0,10000.0,10000.0,10000.0,10000.0,10000.0,10000.0,10000.0,unknown,,,scheduling,main_2024 | submissions_2022,10000.000
fb51311320bb42bdb893249998a77f40,328.794,367.939,175.277,187.805,210.003,709.568,237.948,272.671,245.361,222.908,273.258,225.032,419.995,174.398,unsat,,,quantum-kochen-specker,main_2024 | submissions_2024,288.995
ff9e9b01d50d01ecb6740472d7dd36cd,467.232,639.9,116.756,350.822,366.23,460.24,244.961,732.192,506.743,948.261,1000.47,268.329,347.982,1220.6,sat,,,independent-set,main_2024 | submissions_2024,586.075
